来源：	邢向东 王兆富 2014《吴堡方言调查研究》；灰原哀 木瓜 整理录入
说明：	代表吴堡县寇家塬镇东王家山音系。
#符号说明：	-白=文*俗?待考
#调值	［1］213［2］33［3］412［5］53［7］3［8］213［0］21
#ɿ	
ts	［1］支枝肢资姿咨兹滋梓之芝辎脂{～油}□{状态形容词重叠式后缀，威格～～儿：耍威风的样子}［2］吱{象声词}［3］姊脂{～肪}旨子紫纸呲只止趾址［5］自至字痔稚志誌痣□{称}
tsʰ	［1］疵眵龇{用力踩}呲鸱{～怪子：一种较大的猫头鹰}□{鸡卜～儿：鸡胗}［2］雌瓷慈磁词祠［3］此齿子{拿～～：抓子儿}［5］刺赐翅豉次伺{～候}嘶{象声词：多形容扯破布料的声音}
s	［1］斯厮撕燍{～气了：馊了}施私师狮司丝思饲诗［2］匙辞时［3］死尸屎使史驶［5］豕是氏四肆矢示视嗜似祀巳寺嗣士仕柿俟事市恃试侍赐-{明舍暗～}
#ʅ	
tʂ	［5］掷炙
tʂʰ	［5］嗤{忽～：象声词}□{秋～：蟋蟀}
#i	
p	［1］屄［3］蓖彼［5］蔽敝弊毙陛被备闭={禁～}褙{袼～儿}
pʰ	［1］批披疲［2］皮琵枇平-{～师：风水先生}［3］脾避鄙庇痹俾僻{～静}［5］屁
m	［2］迷谜咪糜弥靡眉楣媚柠{～条}冥{～婚}［3］米［5］篾昧{圪～：趁人不注意把别人或公家的东西拿走}眯□{瞄，瞅准}
n	［2］泥{和～，～灶火}倪宜谊尼疑□{生～：生锈}［3］拟［5］匿溺泥{～水匠}
tɕ	［1］鸡稽饥肌几{茶～}基机惊{马～了}戟荆{～茇：荆条}［3］己几{～乎}几{～个}虮景-{～家沟：地名}［5］计继系技妓寄冀纪记忌既季镜□{忙～：忙碌}［0］地{助词，放在状语和动词中心语之间}
tɕʰ	［1］梯欺期［2］堤题畦提蹄奇骑岐歧祁鳍其棋旗［3］体启企起杞岂［5］啼替涕剃{下吴堡音}屉契器弃气汽［0］箕{簸～}
ɕ	［1］溪奚兮牺希稀［2］孩-{～儿，这是“孩儿”的折合音，口语中没有单念的}肥-{形容人胖}［3］玺徙嬉熙喜螬擤［5］系{筐～～}撃{联～}係{关～}戏费-{磨牙～口：费口舌}惠-{姓}
Ø	［1］医衣依胰{洋～子：香皂}揖［2］爷-{老～河：专指黄河}移伊夷姨疑饴沂遗榆-{～树}蝇-赢营-{做～生：干活儿}［3］蚁倚椅矣已以尾-委-{～咐：嘱咐，委托}影-{～住：挡住，遮住}□{圪～：(使)恶心。神木话该语素读iɤ，从几个方言比较可以推断，该字属于古曾开三或梗开三、四等影云以母字}［5］艺刈仪义议易肄意异毅宜{便～}逸忆亿抑翼影-{～子}亦译易疫役
#u	
p	［3］补捕保-{～来～不来：相信不相信}堡［5］布怖怖步埠抱-{～住}菢
pʰ	［1］铺{～炕，～盖}［2］蒲菩脯扑{～克儿}［3］谱普浦甫脯［5］部簿铺{床～，～子}
m	［2］模{～子，～范}摹谋毛-{～孩儿：婴儿}［3］某亩牡母□{～治：考虑}［5］暮慕墓募幕牧□{不用尺子，大致量一下}
f	［1］夫麸［2］夫{姐～}肤敷孵扶芙浮咐{委～}［3］府腑俯斧釜腐辅否［5］符父付赋傅赴讣附{～和}妇负阜富副
t	［1］都{～来}□{圪～：拳头，一般写成“圪都}朵{一～花儿}［3］堵赌肚{指动物的胃}［5］杜
tʰ	［2］坨{后燕圪～：后脑窝子}徒屠途涂图［3］土吐［5］兔
n	［5］怒
l	［1］芦{葫～儿}鏴{锢～匠}□{təʔ21～：逮住}［2］□{tʰuəʔ3～：喝粥的声音}［5］□{xuəʔ3～：“糊涂”的分音词}辘{毂～}
ts	［1］猪褚诸诛蛛株朱硃珠［3］阻煮拄主［5］著箸助柱驻註住注蛀铸
tsʰ	［1］初雏□{状态形容词重叠式后缀，臭格～～儿：形容不太臭的味道}［2］除储锄厨［3］楚础处杵{低(头)}暑帚{扫～，苕～}［5］处□{(鞭炮)没有爆响，火药直接燃烧}
s	［1］梳疏蔬书舒枢输殊输{运～}［3］鼠黍署薯数蜀［5］庶恕数竖戍树粟
z	［2］如儒□{圪～：手因受冻而发僵}［3］汝乳孺擩{杵：～了一圪tu213：杵了一拳头}蠕［5］擩{将手或棍子等伸进孔洞内：～进去}
k	［1］锅{又}姑孤箍枯□{tsie412～儿：没长毛的小老鼠}菇{香～}［3］古估牯股鼓［5］蛄{蝼～}菇{蘑～}故固锢雇顾［0］□{猛子～：猛然}
kʰ	［1］窠□{～子：椅子牚儿}［3］苦［5］课骒{～马}库裤
x	［1］呼慌{又}午{晌～}［2］河{又}胡湖糊{～涂}狐壶乎鬍后{脊背～}黄-{昏～：黄昏}蜉{夜鳖～儿：“蝠/蜉”的音变}［3］虎唬浒［5］户沪互护瓠糊{眼～：视物模糊；～脑倯：糊涂蛋}
Ø	［1］倭诿窝莴{～苣}乌污［2］吴蜈吾梧无呜王-{东～家山，～家塔：用于地名}兀{远指代词}［3］伍午武舞侮鹉［5］卧误悟巫诬务{～养的：养子}雾戊呜{～呐喊}□{表示触觉的形容词：～温}
#y	
n	［2］鱼渔于-{用于地名：～家沟，～家圪𫭼}［3］女
tɕ	［1］居车［3］举［5］巨苣{莴～}炬拒距据锯聚瞿矩句具惧剧{～烈}剧{戏～}
tɕʰ	［1］蛆趋区驱椿{～树}［2］渠［3］取［5］去{除去：～皮}
ɕ	［1］虛噓墟［2］徐鬚需［3］许［5］序叙绪絮
Ø	［2］驴于=淤余餘舁愚虞吁於迂盂榆={～林}逾愉愈围-{～圆：周围，邻近处}［3］语与雨宇禹羽［5］御禦誉预豫娱遇寓喻芋{洋～}慰纬{～线}郁育玉
#ɑ	
p	［1］巴芭疤［3］把㞎{～屎：拉屎}［5］霸壩坝{堤}爸罢耙把{脚～儿：脚后跟}吧{揣测、祈使语气词}叭{象声词}
pʰ	［2］爬琶杷钯婆-{眼泪～娑：泪水直流的样子}［5］怕帕
m	［1］妈摩{怎～}［2］麻痳蟆［3］马码{一～儿}［5］骂末{～名：最后一名}
t	［1］搭{这～儿}［3］打［5］大{～氅}［0］打{随意貌助词：吃～，喝～}
tʰ	［1］他她它塌{状态形容词重叠式后缀，灰卜～～儿：垂头丧气的样子}嗒{卜～：象声词}
n	［2］拿［3］那{远指代词}
l	［1］拉□{否定词后缀：没～}□{状态形容词重叠式后缀，硬ト～～儿：东西摸上去硬硬的感觉}［2］哪{xuəʔ3～：“划”的分音词}［5］啦{～闲话：聊天口用于选择问、反复问句上句的末尾，当为“嘞也”的合音：你去～是不去?}□{圪～：缝隙，“罅”的分音词}
ts	［1］渣咋{怎么}蹅{踩}［3］拃［5］诈榨炸乍轧昨{～天}柞斫{剁，砍：～骨殖，～肉}栅则{表祈使、感叹的语气副词：～吃吧}奓{张开、伸出：胳膊～起}□{ト～儿：泥鳅}□{圪～～：形容雷电等的象声词}
tsʰ	［1］叉杈差瘥{病～了：病轻了。《说文》“瘥，癔也。”《正字通》：“痿，疾癔。”广韵)昨何切。《集韵》才何切。吴堡话保留中古音，声韵均吻合}钗［2］茶搽查茬咱［3］衩{～～：ロ袋儿}［5］岔差{不～}嚓{象声词}□{泼～：胆大，泼辣}□{嗓子哑}
s	［1］沙纱［3］洒厦傻撒［5］沙{拣；不密}［0］萨{菩～}娑-{眼泪婆～}
tʂ	［1］遮睁-{～眼}
tʂʰ	［1］车-［2］□{老圪～：有资格的老年人}［3］扯
ʂ	［1］奢赊生-甥［2］蛇［3］捨騇{～牛：母牛}［5］赦舍社-{供销～}
ʐ	［3］惹
kʰ	［3］哥{又：～～}玍{～骨：吝啬鬼}
x	［5］下-{～头，～来}吓
Ø	［1］阿{～尔巴尼亚}
#iɑ	
p	［1］绷-{贴：把画儿～在墙上}□{扔，摔}［5］迸-{～火花儿}蹦-{疼得乱～嘞}
pʰ	［1］□{(水)满，溢出}［2］棚-{檐儿：房～，帽～～}［3］□{①分开，叉开；②扯掉}［5］□{①破裂；②观点不一致，说不到一起}
m	［2］虻{～蝇：牛虻}乜{痴呆，傻}［3］猛-{～不防}［5］□{～～：哨子}
t	［1］爹
n	［1］□{第二人称代词复数形式、领属形式，“你家”的合音}［2］牙芽衙伢凌-{冰～}［3］哑仰-{仰面朝天半躺}［5］砑{～平}压
l	［1］□{ト～：“蹦”的分音词，乱滚}［3］冷{可～嘞；～雨：冰雹}［5］趔{一～趄：斜着身子}
ts	［3］姐{～夫}［5］借
tsʰ	［5］笡{斜}
s	［1］些-［2］斜邪 ［3］写-{～仿}□{叉开：腿～开}［5］泻卸
tɕ	［1］家加痂嘉傢耕{～地}更-{～深半夜}［3］假贾［5］假{放～}架驾嫁价枷{连～}［0］稼
tɕʰ	［1］坑-揢{抱}［2］茄□{～人子：太贵，使经济负担重}［5］卡{～脖子}拤{缩紧}揢{抱，又}趄{一趔～：斜着身子}□{～把子：事情做不成了}
ɕ	［1］□{惹：～下了}［2］虾霞瑕遐暇［5］夏下={～降}谢杏［0］些{表邀请的语气词：吃～}
Ø	［1］丫［2］雅鸦耶爷涯［3］也野［5］亚夜［0］也{将来时助词，表将要发生某事}
#uɑ	
ts	［1］抓［2］□{①(动作)快速，准确，②当下}［3］爪
tsʰ	［2］□{勤～流水：形容干事动作利落的样子}［3］□{用手从上往下剥、抹：把蛇皮～下来；蹭：～破皮儿}［5］欻{形容快速}［0］□{日pɑʔ3～：次，差}
s	［1］刷{捋，又}［3］耍厦{读音特殊：～头子，窑洞上厦檐的石支架}
z	［2］挼{揉，搓}
k	［1］瓜刮{又：～胡子}［3］蜗{～～牛}寡剐［5］挂褂卦□{左边～：左撇子}
kʰ	［1］夸跨［3］侉垮［5］挎胯
x	［1］花华{中～}［2］铧划{～拳}［5］化华{～山}画话划{计～}
Ø	［1］洼挖搲{抓挠}［2］蛙娃哇［3］瓦{名词}［5］瓦{动词}鸹{黑老～：乌鸦}漥
#yɑ	
tɕ	［1］□{圪～：小卷儿}
tɕʰ	［2］瘸
ɕ	［1］靴［2］横-{～顺}［5］□{赖着不走}
#ie	
p	［1］鞭编边［3］贬匾扁{～食：水饺}□{逼，使窘迫}□{挽}［5］辨辩变汴便{方～}辫遍迸-
pʰ	［1］偏［2］便{～宜}［3］篇蝙扁{～豆}谝闲聊［5］骗片遍-{～山二漥}
m	［2］绵棉眠［3］免勉娩［5］面麺
t	［1］掂颠 ［3］点典［5］簟店电殿奠佃垫淀{圪～：不消化}靛
tʰ	［1］添天［2］甜田填［3］舔
n	［2］拈言-{～喘}年{今～，～时}［3］辇捻腆撵□{你们：当为“你家”的合音}［5］酽念砚{南部，～瓦儿：砚台}［0］乜{油脂不～：手上沾满油脂的样子}
l	［1］□{ト～：快速扭动身体，打滚儿}［2］廉镰廉连联怜莲裢{搭～儿}□{təʔ3～：垂下}［3］敛殓脸［5］练炼链楝□{kʰuəʔ3～：“圈”［tɕʰye53］的分音词}［0］了{句末语气词：雪消～}
ts	［1］尖歼煎{饭菜凉了以后，热～下}［3］剪□{～kʰu213儿：没长毛的小老鼠}［5］渐践箭溅贱饯荐
tsʰ	［1］笺签迁千［2］潜钱前［3］且{～活：将就}浅［5］妾
s	［1］些=仙鲜先{～走}［2］□{鸡踏狗～：乱糟糟的样子}［3］鲜癣先{～前年：大前年}［5］线泄屑先{～后：妯娌}
tʂ	［1］沾粘瞻毡这{～个}［3］者展［5］蛇{老，用于属相}占佔战颤
tʂʰ	［1］车={水～}［2］蟾缠禅蝉{秋～儿}
ʂ	［1］膻掮煽［2］蝉{又}禅{又}［3］陕闪［5］射麝善扇{～子}膳单骟
ʐ	［2］黏鲇然{～后}［3］染冉碾{～子}［5］□{麦～：和泥用的麦草}冉{～沟：地名}
tɕ	［1］兼搛犍{～牛}肩坚□{状态形容词重叠式后缀：绿格～～儿：形容绿得好看}［3］检俭={勤～节约}拣捡𰉱{～畔：院子和山坡的相交处}茧趼毽{踢～～}［5］剑件键建健腱见俭-{勤～：勤快}□{忙～：忙乎}［0］价{指示代词、疑向代词后缀：怎摩～}
tɕʰ	［1］谦杴锨牵揩{～水手巾儿：手帕}［2］钳乾虔掮讫［3］遣［5］欠歉［0］起{院～：院子里}
ɕ	［1］掀{推：～住，又}憨颔{～水：口水}［2］嫌贤弦限{门～：门槛儿}寒-蚶［3］险显癣［5］羡{邪母线韵，特殊}宪献现县鼾旱汉汗腺
k	［1］甘柑泔干肝竿矸{阳～石儿}［3］感敢杆秆擀赶
kʰ	［1］□{～麻乎儿：差点儿，副词}［3］砍{～刀}［5］看
ŋ	［1］庵埯安鞍［2］严-［3］揞［5］暗岸按案砚{北部}
Ø	［1］淹阉腌蔫焉烟燕□{后～圪坨：后脑窝子} ［2］盐阎檐严=俨延筵言=研缘沿芫{～荽}衍靥{笑～圪坨儿：酒窝}［3］掩演兖黶{～子：痣}［5］验炎厌沿{锅～}艳焰谚堰燕嚥宴液腋蜒{毛蚰～}□{～奓：嚣张}［0］魇{睡～}
#ye	
l	［1］□{kʰuəʔ21～：“圈”的分音词}［2］□{kuəʔ3～：“蜷”的分音词}
tɕ	［1］捐［3］卷啳{破口骂}［5］圈{猪～}眷卷绢倦券{国库～}
tɕʰ	［1］圈［2］全泉拳权颧旋{～子：头发旋儿}［3］犬［5］劝
Ø	［1］轩掀{推：～住}宣喧［2］旋{～转}玄悬眩［3］选［5］旋{～风儿}镟楦
Ø	［1］冤［2］圆员元原源塬{～子：水地}袁辕园援［3］远［5］院愿苑怨
#ɤ	
p	［1］般搬［5］伴拌半-{一～}绊畔
pʰ	［1］□{～门：专门}［2］盘［5］判{老}
m	［2］瞒馒蔓{～菁}鞔{～鞋}［3］满［5］漫-慢
n	［3］那{指代第三人称单数}
tsʰ	［3］枣
tʂ	［1］召-招-{～女婿}［5］照-{～见：看见}
tʂʰ	［1］朝超-{向上方抬(头)：脑～起}□{①使没有着落，困起；②办事没结果}
ʂ	［1］烧［2］□{～探：打听}［3］少晌{～午}［5］烧{出霞：早～，晚～。～枣儿红：蝉}□{～说}
z	［2］饶［3］扰绕-［5］绕{～线线}
#iɤ	
pʰ	［1］膘彪{老}标-{～致}□{～翻：筹集}□{砌(窑掌)}［3］婊
pʰ	［1］飘漂鳔瞟［2］瓢嫖［5］票
m	［2］茅-苗描矛-{～子}［3］藐［5］庙妙
t	［1］刁叼［2］钓吊掉调藋
t	［1］挑拣［2］条调［3］挑{～担：连襟中妻子大的一方}［5］跳粜{卖粮食}窵{远～：遥远}
n	［5］尿谬{老}
l	［1］缭{状态形容词重叠式后缀：轻忽～～儿：轻飘飘}［2］聊撩{～羹儿：小勺儿}疗-{～治}□{～么：赶紧，迅速}嘹缭{～乱}獠{～牙}［3］燎{～毛}了{把事情～了}［5］料尥廖瞭{远看}镣{脚～}撂□{圪～：“翘”的分音词}
ts	［1］焦老椒-［5］醮噍匠-{半～手：外行}焦{用于四字格，如“干毛儿舌焦”}
tsʰ	［1］锹缲劁［3］悄雀{～儿}［5］俏
s	［1］消 ［3］小 ［5］笑
tɕ 	［1］浇［3］矫搅{圪～：一种搅熟的荞麦面食品，陕西大多数方言叫“搅团”}［5］轿叫绞{～住：用绳子和短棍拧住；～轴儿；连枷}较-
tɕʰ	［1］蹻{迈}［2］乔侨桥荞瞧{觉～}［5］窍
ɕ	［1］枵{～妙：薄逍}［2］学-{～一下就会了}□{(腿，臀)抬起}［3］晓
Ø	［1］妖邀{～席：请客}腰幺吆约{～摸：猜测}［2］摇{老}谣窑［3］舀杳［5］鹞勒要-{想～}崾{半山腰}
#uɤ	
t	［1］端［3］短［5］堕=惰=断锻段缎椴□{赶走}
t	［1］貒［2］团［3］妥=隋
n	［3］暖
l	［1］□{kuəʔ21～：“环”的分音词}［2］鸾恋［3］卵［5］乱
tsʰ	［1］钻专砖［3］转{～弯}攥{～～：髻}［5］赚纂钻篆转{倒～，～圈圈}传{～记}
tsʰ	［1］氽川穿□{～子：一种铜管子，装上凉水，放在火里烧水，烧开后喝}［2］传{～话}椽船攒全-［3］喘［5］窜串
s	［1］酸拴［5］算蒜
z	［3］软挼{紧挤住，限制住，使人感到局促}
k	［1］官棺冠-{鸡～子}［3］管馆［5］贯-{满～；水～子：虹}惯-灌罐冠{～军}
kʰ	［1］宽［3］款
x	［1］欢-{跑得可～嘞}［3］缓［5］唤焕-{老}换患-宦-
Ø	［1］豌剜弯［2］玩完丸［3］碗［5］腕□{陷(进泥水里)}［0］午{端～}
#o	
p	［1］包刨［3］褒保=宝饱［5］报暴鲍豹爆铯抱=
pʰ	［1］泡{圪～儿：泡儿}抛{～弃，单字音}剖疱［2］袍胞［3］跑［5］炮泡胖{又}雹抛{滚；掉}［0］脬{尿～}
m	［2］毛=茅=猫锚矛=［3］峁卯［5］冒帽貌茂贸陌
t	［1］刀叨［3］祷岛捣倒{跌～，～腾}［5］道稻到倒{～过来，～打一耙}盗导
t	［1］掏 ［2］滔桃逃淘啕陶萄涛［3］讨［5］套䵚{～黍：高梁}
n	［2］铙挠脑{头}［3］脑{～子}恼𫼭{扛；举}［5］闹痨{～死：毒死}
l	［1］𫭼{圪～儿：角落，“角”的分音词}［2］劳捞牢唠痨{～症}［3］老佬{夹窝～：成天呆在家里不出门的人}栳{圪～：放粪的器物}□{圪～：“搅”的分音词}［5］涝骆落-{～窝鸡}烙-{～饼子}骆□{圪～钵儿：胳肢窝}捞{～头：渔网}［0］饹{饸～}
ts	［1］遭糟搔{卜～}［3］早{～里：副词，本来就：～里我不会写，你把我圪捣得澡爪}找蚤□{～架：搭架子}［5］皂唣{咬～：供出同伙}灶笊□{焯：把菜～给下}罩櫂{船桨}□{tsʰiəʔ3～：暗暗地较劲}噪燥
tsʰ	［1］操抄钞巢剿［2］曹褿嘈槽［3］草騲炒吵［5］造躁糙□{丁字形的工具，角度小，朝里弯}
s	［1］骚臊{～气}梢捎稍艄［2］□{刮～：发现}［3］扫{～地}嫂［5］扫{～帚}潲{～雨}哨臊{～子}□{孤～：孤单}
z	［2］搔{用指头抓。～咬咬：挠痒痒}
tʂ	［1］朝召=昭沼招={～待}［5］赵兆照={执～}
tʂʰ	［1］超={～过}［2］朝潮
ʂ	［2］韶绍［5］少{～年}邵尚{和～，韵母特殊}
ʐ	［3］绕={围～}
k	［1］高膏篙羔糕［3］稿搞［5］告
kʰ	［3］考烤［5］靠犒铐
ŋ	［1］坳［2］熬{①动词：水煮；②形容词：累}爊{～菜}［3］袄［5］膏{～油}傲鏊懊奥拗撬
x	［1］□{吹晾}［2］豪壕毫嚎号耗［3］好{～人}［5］浩好{喜～}号
#io	
p	［1］标=彪{新}［3］表錶
pʰ	［5］漂{～亮}□{打(架)}
m	［3］渺秒
t	［1］貂雕
t	［5］调{～皮}
n	［1］肴淆［2］□{愁，烦，腻味}［3］咬鸟［5］拗{又}
l	［2］燎{星火～原}疗={治～}辽
ts	［1］焦={新}蕉={香～}椒={辣～}
tsʰ	［2］樵瞧［5］鞘
s	［1］宵霄硝销萧箫
tɕ	［1］交郊胶骄娇跤缴教{①动词；②介词：被}［3］绞狡铰搅{动词}侥［5］教校酵窖觉
tɕʰ	［1］敲［3］巧 ［5］窍［0］跷{高～}
ɕ	［5］孝{～顺，～子}效校校{上～}嚣
Ø	［1］要{～求}腰{～坝：河中间用来拦水的坝}［2］摇{新}姚尧［5］要={重～}耀跃样{一～}
#ɑe	
p	［1］杯悲［2］白{茴子～}［3］摆□{漂洗(衣服)}背{～后}［5］贝拜韛稗鵯{兀～：老鹰}倍辈背{脊～}焙
pʰ	［1］胚坯丕［2］排牌培陪赔裴［3］派［5］沛败配佩□{～uɑe33：又胖又笨的样子}
m	［1］□{甜～～：形容味道很甜}［2］埋梅枚{猜～～}媒煤霉［3］买每□{～头子：柴炭火灭了}［5］卖迈妹昧=
t	［1］呆［3］逮□{秃圪～子；又粗又矮的人或东西}［5］待怠殆戴贷代袋带大{多～：多少；～王}呔{圪～～：象声词，形容水开的声音}
tʰ	［1］胎薹{油菜～儿}［2］台苔抬［3］奤{不～气：不大方}□{～ʂəʔ3：一般，通常。用在否定结构中：～～不来}□{～哄：开玩笑，逗笑}［5］态太泰
n	［2］崖挨{～打}［3］乃奶矮［5］耐奈
l	［1］□{xəʔ21～：很}［2］来□{～ʂər21：当时。疑即“来辰儿”}［5］赖{脏}癞{～蛤蟆}
ts	［1］灾栽斋崽［3］宰载滓［5］在再载{～重}载{满～}债寨
tsʰ	［1］猜差搋{用拳头揉：～糕，一面犊不生育的：～婆姨}［2］才材财裁纔豺柴［3］彩采睬踩［5］菜蔡□{打}□{ト～～：象声词}
s	［1］腮鳃筛［5］赛晒
z	［2］□{～声股气：形容说话不干脆}
k	［1］该赅{～管：管}敢{语气副词}［3］改［5］概溉盖丐［0］□{来～：过去时助词，表曾经发生过某事；语气词}
kʰ	［1］开［3］凯楷［5］慨
ŋ	［1］哀埃挨［3］碍蔼隘［5］艾爱
x	［1］唉［2］鞋孩{没胎～：不知足}［3］海解{～绽：解劝}［5］亥害骇解{姓}解{知道；懂得：～开了，～不开}薤{葱韭～蒜}懈{松～～}
#iɑe	
tɕ	［1］皆阶秸{麦～}街［3］减解［5］介界芥{～子：芥菜}疥届戒械解{起～}
tɕʰ	［1］揩
ɕ	［2］谐［5］懈蟹
#uɑe	
t	［1］堆［5］对碓队兑
tʰ	［1］推［3］腿［5］退蜕褪煺
n	［5］内
l	［2］雷［3］儡垒□{骄傲}［5］擂
ts	［5］罪最拽
tsʰ	［1］催崔揣［5］坠
s	［1］衰摔［5］碎帅率蟀□{本来装在上面的东西溜到下面}
k	［1］乖［3］拐 ［5］刽怪
kʰ	［1］盔魁［3］蒯傀块会{～计}□{哄、骗}［5］桧溃快筷
x	［1］恢灰［2］回茴怀槐淮［3］悔晦毁讳 ［5］贿汇溃会{开～}会{～不～}绘坏
Ø	［1］桅［3］煨歪［5］外□{pʰɑe33～：又胖又笨的样子}
#ɛe	
p	［1］碑卑婢冰-{水～嘞}［3］比秕饼-{～子}滗［5］闭-箅被辔篦病憋{～了一口气}
pʰ	［2］平-{～地}坪{宽洪～：地名}瓶［5］□{油香～底：香味扑鼻}
m	［1］每{①人称代词领属形式后缀：我～，你～；②第一人称代词的领格形式：～大，～妈，～老人，～家}［2］迷明-{精～}［3］美 ［5］寐命-［0］□{uɛe53～：偶尔}
f	［1］非飞妃匪榧［2］肥={指动物脂肪厚：～猪，～料}［3］翡［5］废肺吠痱费
t	［1］低底{指示代词后缀：这～个，～个}羝{山羊圪～}丁钉-{～子}靪疔［3］底{～下}抵顶-{～牛儿}［5］弟帝第递地钉{～住}定
tʰ	［1］梯听-{～话}亭{～～儿价：乖乖地}［2］停-{～当}［5］剃{上吴堡：～脑的}嚏{打喷～}
n	［2］那{“那一”的合音词：～阵儿}［3］你
l	［1］□{圪～：哈痒}［2］犁黎藜离篱璃梨剺釐狸{～猫}厘凌零-{～卖}铃-{打～}翎{鸡～}［3］礼履李里理鲤领-{～儿}［5］例励厉丽隶离{～开}利痢吏另［0］历{皇～}了{完成体助词：吃～饭再说}哩{提顿、虚拟语气词：我得赶紧走也，不～就迟到了}
ts	［1］精-{～明}睛{老}菁{蔓～}［2］贼［3］姐{～～}挤井［5］祭际秫济剂净{老}
tsʰ	［1］妻清-{水～}青-{～石板}［2］情齐脐{ト～儿}晴{～天} ［3］且□{滑落，放在边上的东西受力后掉下去}［5］砌
s	［1］西栖犀星-{～宿}腥-{～气}［3］写-洗醒-{～了}［5］谢细婿性-
tʂ	［1］知蜘蒸-正{～月}这［3］整-{齐～}［5］滞制制智雉致怔稚置治正-{反～，齐～}证-
tʂʰ	［1］痴称-{～分量}［2］池驰迟持［3］侈耻嗤［5］秤
ʂ	［1］声{～音}升［2］绳窚{住}成-［5］世势誓逝胜-{打～}剩
k	［2］给{介词}［3］给{动词}［5］给{用于固定搭配：给～他的话：要是他的话}［0］给{表示与事的介词助词：给～他；坐～一阵儿}
#iɛe	
tɕ	［5］□{死趴活～：尽力而为，用尽力气}
#uɛe	
l	［3］吕铝稆旅累［5］虑滤累类泪
ts	［1］追锥□{土地的计量单位一～等于半亩}［3］嘴［5］缀赘醉坠
tsʰ	［1］吹炊［2］垂捶槌{～头}锤［5］趣脆翠粹
s	［1］虽绥兄［2］须随谁遂［3］髓水［5］岁税秽{误读}睡瑞隧穗［0］荽{芫～}
z	［3］蕊［5］芮锐
k	［1］规圭闺龟归癸［3］诡轨癸{又}鬼［5］鳜桂跪{又}柜贵
kʰ	［1］规{老}奎亏窥逵葵簋{饭～儿：饭桶}［5］跪{又}愧
x	［1］麾挥辉徽［5］彙汇慧惠={实～}
Ø 	［1］危威违崴［2］卫为维惟{用作复句的连词表示假设的条件是自己所期望的}唯硙{磨，动词}微围兀{“兀一的合音词，～个人：那个人}［3］伪萎委尾伟苇□{形容词重叠后缀：白～～}［5］位喂硙{磨，名词}为未味魏畏胃谓蝟□{～mɛe21：偶尔}
#ɑo	
t	［1］兜［3］斗{抽～}抖陡敨［5］斗豆逗
t	［1］偷［2］头投［5］透□{性交}
n	［2］奴［3］努□{他}
l	［2］卢炉芦{～苇}鸬庐颅{奔～：额头}楼搂{～柴}耧篓{灯～儿}［3］鲁橹虏卤缕屡篓搂{～住}［5］路赂露鹭漏陋瘘□{圪～：打冷嗝儿}
ts	［1］租邹掫{端}诌{～经鬼儿：说谎的人}［3］祖组走［5］奏皱绉骤就{副词}
tsʰ	［1］粗搊{扶，往上抬，牛～子：牛笼嘴}［2］愁覰{隔着门缝儿看，仔细看}［3］瞅［5］醋措凑
s 	［1］苏酥搜飕蒐［2］嗦{鸡～～}馊□{“媳妇”的合音，有人写成“嫊”字}［3］叟擞{发抖}［5］素诉塑嗽瘦漱
tʂ	［1］周舟州洲粥𢫧［3］肘［5］纣昼宙咒□{拉}
tʂʰ	［1］抽［2］仇={～恨}绸稠筹酬［3］丑醜［5］臭
ʂ	［1］收［2］仇-{～人}［3］手首守［5］受兽寿授售
ʐ	［2］柔揉［5］肉
k	［1］勾钩沟勾{～当}尻{～子：屁股}［3］狗苟［5］彀够□{卜～儿：打冷嗝儿}
kʰ	［1］抠眍［3］口［5］扣寇
ŋ	［1］欧瓯［3］呕殴藕偶熰{烧煳：饼子～焦了}［5］沤构购怄
x	［2］侯喉猴瘊［3］吼［5］后厚後候
#iɑo	
t	［1］丢屌{～子：男阴}
tʰ	［2］□{提，“提溜”的合音词}
n 	［2］牛［3］纽扭［5］谬{新：～论}
l	［1］溜{～尻子：拍马屁}□{圪～：不直“勾”的分音词}□{状态形容词重叠式后缀，酸格～～儿：形容很酸的味道}［2］流留榴硫琉馏［3］柳绺［5］廖六溜{一～头发}遛{～达}□{鞋～子：鞋拔子}
ts	［1］揪鬏［3］酒［5］就{～菜}㾭{圪～：萎缩的样子}
tsʰ	［1］秋［2］鞦
s	［1］修羞［2］囚泅宿{星～}□{～～气：馊味儿}□{眼睛模糊、发涩}［5］秀绣锈袖
tɕ	［1］鸠阄纠究纠{～正}蹴{圪～：蹲}［3］九久韭灸［5］臼舅咎救旧柩［0］□{一～儿：索性}
tɕʰ	［1］丘□{歪}蚯［2］求球尿{男阴}仇{姓}
ɕ	［1］休［3］朽□{皱，收缩}［5］嗅
Ø	［1］忧优尤犹［2］邮由油蚰{毛～蜒}游悠幽［3］有友酉莠［5］诱又右佑柚鼬釉幼
#ɤu	
p	［1］波菠玻帮邦-播□{～lɤu33蜻蜓}［3］簸{动词}榜-{～上有名}绑拨{～疗：用民间的方法治疗}［5］簸{～箕}谤傍棒
pʰ	［1］颇坡肨{肿}［2］婆滂老旁-{～人}螃-庞{老}［3］跛拼{～命}膀{翅～}［5］破［0］卜{萝～}
m 	［2］魔磨{～烂，～碎}摩馍忙茫芒-{～种}□{藏～～：捉迷藏。该音不与效摄韵母对应故不能记作“藏猫猫”}［3］莽蟒抹{～了：涂了}［5］磨{在地上拖：拿扫帚～给几下}茫{黑～～：形容天色很黑的状态}
f	［1］方-{～的}［2］妨{～害}房-防-{不～}［3］纺访-［5］放-{～下}
t	［1］多当-{～兵}［5］大{～后年}当-{停～}驮荡-{浪～公子}
tʰ	［1］拖汤□{平：～着嘞，～湾}［2］驼驮舵陀□{特～：贪得无厌}［3］躺［5］唾{～痰}烫
n	［2］挪［3］攮{～子短刀}［5］诺{～言}𨑊{多}
l	［1］箩{pəʔ21～：笸箩}□{kʰəʔ21～：“腔”的分音词}［2］罗锣箩啰{～嗦}骡螺脶狼郎-{货～担子}□{pɤu213～：蜻蜓}□{棒～～：高梁杆儿的一节}［3］□{切，割}□{～粗：粗心大意}［5］摞络-{～网子：网兜}乐-{高兴：看～成个甚了}浪□{卜～：“棒的分音词}
ts	［1］赃-脏-［3］左佐□{日～妄想}［5］葬脏丧{～失，又}
tsʰ	［1］搓仓-苍-［2］藏-［5］错{～误}错{～杂}锉
s	［1］桑{老}丧{～事，老}［3］嗓［5］丧{～失；老}
tʂ	［1］张-［3］长{生～}涨掌-{脚～}［5］丈-{～人}杖帐-账胀
tʂʰ	［2］长-肠-{大～，小～}场-{打～}常-{～是底个：经常是这样}［3］厂-场{一～}敞［5］唱
ʂ	［1］商-{人名用}伤-［2］尝裳［3］晌［5］上-{～山，～面}尚-{姓～}绱{～鞋}
ʐ	［2］瓤-穰禳{～叨：干扰}［3］嚷{～架}［5］让{～一～，～缩：退缩}
k	［1］哥{又}歌{秧～}锅戈钢-□{～～：叫鸡声}光-{～溜溜的}［2］咯{种～儿：布谷鸟}□{赤子阴}［3］果裹哥{又：～～}［5］个过□{值～：值得}
kʰ	［1］科棵颗{一～米}康-{～家塔}糠{老}可苛{～刻}柯{修剪：～树}［3］颗{～子：粒儿}慷-{～～利利：利利索索}抗-{～胛子：一种儿童游戏}扛［5］炕嗑{～瓜子儿}课
ŋ	［1］屙□{不高兴的样子}［2］蛾鹅俄娥讹{～人}［3］我 ［5］饿
x	［1］呵{蒸；～牙：打哈欠}慌{又}蒿□{形容动作迅速}［2］河{又}何荷{～花}荷{薄～}和禾夯薅行{一～～}行{家：那家～，每～：我家}黄{～米，～尘}簧皇-{三～园子：地名}惶黄-{～河}饸{～烙}［3］火伙行{方位词后缀，里：水～}□{拿，有人认为是“荷”}［5］贺祸货孝-{戴～}火{红～}和{～水}荒-{～地}巷{圪～子}［0］和{调～：佐料}
Ø	［1］啊{少}
#iɤu	
n	［2］娘-{～～：祖母，～老子}仰{又，～起头}
l	［2］良-{～心}凉-量-粮-梁-{房顶～：房脊}粱-［3］两-{～个}两-{一～}［5］晾亮-{明～}
ts	［1］浆{豆～}［5］酱匠将-
tsʰ	［1］枪-雀{又}［2］墙-［3］抢-［5］呛{烟～，～人}［0］跄{打脑～：身体不稳，头往下耷拉}
s	［1］箱-厢-相-{～女婿}襄-{添～：办大事时亲戚凑钱帮忙}镶{老}［2］详-襄-{～xuəŋ53：帮忙}［3］想-饷老［5］像-相-{长～}
tɕ	［1］刚-僵缰豇浆［3］港{薛家～}耩{～地}［5］犟勥{倔～}浆{～衣服}降-{霜～}
tɕʰ	［1］腔-{～子}［2］强［5］糨{～糊}框{门～}
ɕ	［1］香-{～着嘞}乡［3］响{～声}［5］向{偏～}项-{～链儿}
Ø	［1］秧{～子}央殃-{起～：死人出殡}［2］羊-{绵～，山～}杨{老：～树}阳-{～格丹丹儿：形容阳光明媚}扬{～黄土}［3］养-{～活}［5］样-{～品}扬-{晃}
#uɤu	
t	［1］朵{耳～}［3］朵躲［5］惰垛剁跺
tʰ	［2］坨{圪～儿：平地上凹进去的部分}陀{线～～}［3］妥椭［5］唾{又}
ts	［1］庄装-{假～}桩［5］坐座壮-{～实}装{～祆儿：棉祆}状-{～元}
tsʰ	［1］疮窗［2］床［3］闯-［5］创-{～伤}撞
s	［1］蓑唆莎霜双-{一～}［3］梭锁琐所爽-{～～利利：形容爽快、利索}嗓{又，～牙}缩-［5］双{老：～生儿}
Ø	［2］芒{麦～}［3］枉-往-［5］忘-{～了}望-{想～：挂念}旺-{把火烧～}
#ər	
Ø	［2］儿而［3］尔耳饵扔［5］二贰
#ɑ̃	
p	［1］班斑颁扳邦={安～定国}［3］板版扁-榜={～样}□{～子：女阴}［5］扮瓣办半={前～年}谤{诽～}蚌棒{～子}
pʰ	［1］攀潘肨{～臭}［2］滂新旁={～边}螃=庞{新}［5］盼襻判{新}叛{新}
m	［2］蛮蔓{山～儿：土豆}芒=盲虻=［5］慢幔漫{～平地：缓坡地}
f	［1］翻番方={～向}芳［2］凡帆藩烦繁肪房={～地产}防={～止}［3］反仿{～效，相～}访={上～}彷［5］范範犯泛贩饭放={解～}［0］发{头～}
t	［1］耽担丹单当={～时，～紧}［3］胆疸掸党［5］淡担诞且但弹蛋丹{山～～}荡=当={～成}挡宕□{～刀布：鐾刀布}
tʰ	［1］贪坍滩摊［2］潭谭谈痰檀坛弹堂棠螳唐糖塘［3］毯坦瘫［5］探炭叹趟
n	［2］南男难{有～处}囊［3］攮=［5］难{灾～}喃{～踏：念叨}囔
l	［1］篮{pəʔ21～：两系的筐子}［2］蓝篮{～～，～球}兰拦栏郎={新～}廊螂［3］览揽榄缆懒□{圪～：“杆”的分音词}［5］滥烂□{ト～：“绊”的分音词}□{ト～：“棒”的分音词，又}浪={～尖}朗
ts	［1］眨簪赃=脏=□{～马：马上}囋{～贱：说别人坏话}［3］闸斩盏攒崭凿=［5］暂錾湛站蘸赞囋{呲～：讥笑，讽刺}绽{圪～：裂口}栈赚藏{西～}脏={心～}□{～见：预先知道}
tsʰ	［1］参惨惭搀仓=苍=［2］谗馋蚕残藏=［3］铲产刬{仅，光}［5］餐灿𤮭{十～}绽{解：～开}䊲{遍：洗一～}
s	［1］三杉衫山删桑{新}丧{新}［2］珊［3］伞搡［5］钐散{～贴：舒服}□{圪～～：重感冒后难受的感觉}丧{～失，新}
tʂ	［1］张={～眼瞎子}章樟瘴蟑{～螂}［3］掌={～握}［5］丈={大～夫}仗帐={撑棚搭～}障
tʂʰ	［2］长=肠=场=常={经～}［3］昌菖厂=氅{大～}倡［5］畅
ʂ	［1］商={～店}伤={～寒}［3］赏偿［5］上={～告}尚={高～}
ʐ	［2］瓤=［3］壤攘［5］让={～步}
k	［1］尴冈岗刚=纲钢=缸［3］感橄［5］干逛{跑}杠
kʰ	［1］堪龛勘刊康={健～}糠新［3］坎砍慷={～慨}［5］抗={～日战争}
ŋ	［1］昂肮{～脏气}
x	［2］含函酣咸{～菜}寒={～假}韩还{～有}行={银～}航杭夯［3］撼喊罕［5］憾馅焊翰项=巷{又}
#iɑ̃	
n	［1］淹{漫(疑为又音，但韵等不合)}□{舀：～水}［2］岩{石崖下面凹进去的空间}颜娘={新～}［3］眼仰{～尘：天花板}［5］雁［0］年{明～，韵母特殊}
l	［2］良={善～}凉=量=粮=梁=粱={高～}［3］两={～个}两={二～}辆［5］亮={～光，光～}谅量靓{～子：相貌}
ts	［1］将{～来}浆蒋桨［3］奖［5］将
tsʰ	［1］枪=［2］墙=［3］抢=
s	［1］相={～信}箱=厢=镶{新}［2］襄=祥=详=［3］想=饷=新［5］象像={照～}橡相{～貌}
tɕ	［1］监艰间奸疆={新～}僵薑礓{石～卜浪：礓石}姜江刚-{オ～}［3］减碱简柬裥拣捡讲□{～家：姥姥家，舅家}［5］谏涧锏鉴间降=□{～tɕia21：洋芋～～}
tɕʰ	［1］鹃铅羌腔={口～}［2］强={～调}［3］强{勉～}［5］嵌□{合适}□{漂亮}□{粘连上抠不下来}
ɕ	［1］香={～肠儿}乡{本～田地}［2］咸{～阳}衔闲湘降{投～}［3］享响={～应}［5］陷限向={方～，坐北～南}项={～目}
Ø	［1］央殃={遭～}［2］羊={龙～峡}洋{～柿子}阳={阴～}杨{新：～树}扬={飘～}疡秧{～歌}［3］仰={～面朝天}养={培～}痒［5］样={榜～}
#uɑ̃	
ts	［2］圝{kuəʔ3～：“蜷”的分音词，又}
l	［1］装={西～}［5］撰壮={～大}状={～元}
tsʰ	［3］䊲{给谷类去皮}闯={～炼}［5］纂创={开～}
s	［1］闩栓拴双={～～对对}孀［3］爽={～快}［5］疝双{新：～生儿}□{刮，使表面光滑}
z	［3］阮□{挪：～过来～过去}□{在嘴里嚼来嚼去}
k	［1］观{参～}冠={衣～}鳏关光={阳～，～线}［3］广{～大}［5］贯={～彻}观{寺～}惯掼{摔(东西)}桄逛
kʰ	［1］匡筐眶狂{张～}诓［2］狂{～的}［5］旷{～课}况矿
x	［1］欢{～～儿}荒={开～}谎［2］桓还环黄={韭～}皇={～帝}蝗［5］焕新幻患=宦=晃
Ø	［1］弯湾汪［2］顽亡王姓［3］皖晚挽琬拔网枉=往={～事，～年}［5］万蔓忘={～记}妄望={希～}旺={兴～}
#əŋ	
p	［1］奔锛崩绷={～线：墨斗线}［3］本［5］奔笨迸=嘣{象声词}磅{～秤}
pʰ	［1］喷□{状态形容词重叠式后缀：奓格～～儿：衣服穿得有棱有角的样子}［2］盆朋烹彭膨棚={马～}篷蓬［3］捧［5］喷{香～～}碰
m	［1］□{状态形容词重叠式后缀：甜格～～儿：形容甜甜的味道}［2］门萌盟蒙朦［3］猛=懵蠓{～子：蚊子蜢}［5］闷孟梦濛{～森森雨：毛毛雨}［0］么{语气词}
f	［1］分芬纷风枫疯丰封蜂［2］焚坟冯峰锋逢缝［3］粉讽［5］愤忿粪奋份凤奉俸缝{一条～}
t	［1］登灯［3］等戥{～子}［5］凳镫蹬踏{～儿：楼梯，台阶}邓澄瞪噔{象声词}
tʰ	［1］吞腾藤熥［2］誊疼
n	［2］能
l	［1］楞{状态形容词重叠式后缀：干ト～～儿：东西晾晒后干爽的样子}□{xɑʔ3～：撼动}［2］楞{～子}塄{坝～}［5］愣□{xəʔ3～：一种食品，将土豆淀粉和成面后搓成圆球状，蒸熟，蘸汁儿吃}
ts	［1］曾增争睁［5］憎赠锃筝
tsʰ	［1］撑铛［2］秦-{～家崖：地名}参{～差}岑曾层［3］碜□{铲}□{①驳斥，使对方闭口无言；②吓}［5］衬蹭牚噌{象声词}
s	［1］森参糁{圪～}僧牲生={～产，双～儿}笙□{状态形容词重叠式后缀：白格～～儿：白白净净的样子}［2］寻-{～东西，～人}［3］省{陕西～}［5］渗
z	［1］吟=［2］□{～～：副词，指动作快}［3］仍
tʂ	［1］针斟珍榛臻真诊疹征贞侦蒸={～笼}□{～儿：“今儿”的音变}砧［3］枕{仰～：落枕}振拯整={～顿}［5］枕镇阵震证症郑正={～确}政
tʂʰ	［1］称={～呼}［2］沉陈尘娠辰臣澄乘承丞橙呈程成诚城［3］惩逞［5］趁慎称{相～}
ʂ	［1］深身申伸升声={～东击西}［2］神［3］沈审婶［5］甚肾胜={～任}胜{～利}圣盛
ʐ	［2］壬任人仁［3］纫{缝～机}忍［5］任刃认韧纫{～针}
k	［1］跟根更{～换}粳庚羹［3］哽埂梗耿［5］更
kʰ	［1］吭坑［3］恳垦肯［5］掯{一～：不多一点}［0］羹{撩～儿：小勺儿}
ŋ	［1］恩
x	［1］亨哼［2］痕恒衡横=［3］很［5］恨
Ø	［5］嗯{象声词，应答声}
#iəŋ	
p	［1］彬宾槟冰={冻～}兵［3］饼={～子}禀丙秉柄［5］殡鬓并
pʰ	［2］贫频凭平={和～，天～}评姘屏萍苹{～果，沙～}［3］品［5］聘拼
m	［2］民鸣明={清～}名铭［3］闽悯敏抿皿［5］命={算～，革～}［0］氓{流～}
t	［3］顶={脑～：头顶}鼎［5］锭订定=
tʰ	［1］听=厅亭廷庭蜓［2］停=［3］艇挺
n	［2］银凝宁{安～}拧［5］凝{冷却后凝固：～成冻冻}硬宁{～可}佞
l	［1］吟{嘿～要落：形容东西的螺丝等松动，动一下就有声响}［2］林淋临邻鳞磷陵菱灵零={～食}伶拎［3］檩领={～导}岭瓴［5］淋{过滤}赁吝令
ts	［1］津精={～神}晶睛{新}［3］儘{～让，～你吃}［5］浸尽进晋静净{新}靖
tsʰ	［1］侵亲清={～楚}青={～年}蜻［2］秦情=［3］请吣{牲口吐}［5］亲{～家}
s	［1］心辛新薪星={扫帚～}腥={血～}［2］寻={～人启事}［3］省{～得：懂得}醒={觉～}［5］信讯性姓囟
tɕ	［1］今衿金巾斤筋京荆鲸经颈{脖～}荆跟-{冒儿～头：跟头}［3］锦紧仅谨景={风～}［5］禁妗近劲茎敬竞兢竟颈
tɕʰ	［1］钦轻［2］琴禽噙擒勤芹卿［3］擎倾顷［5］庆磬罄□{冷却，凝固}
ɕ	［1］欣兴馨［2］行形邢型刑陉□{土地的计量单位，一～等于五tsuɛe213，即两亩半}［3］□{摇(头)：～头晃脑}［5］衅迅兴幸{娇惯}□{～虎：一种小的猫头鹰}□{(伤口)愈合，不再发展}□{站立}
Ø	［1］音阴淫荫因姻寅殷鹰莺鹦樱英婴缨［2］吟=蚓匀蝇={苍～}迎盈营莹萤荥［3］饮引隐影={～晌}颖尹［5］窨饮洇印胤{繁殖}应映□{～水：冰面上消下的水}
#uəŋ	
t	［1］敦墩蹲东冬□{状态形容词重叠式后缀，绵格～～儿：食物煮得很烂的感觉}［3］盹{打～}董懂□{～下乱子了：闯下祸了}［5］屯囤沌饨{馄～}盾顿扽钝遁动=冻栋洞咚{象声词}
tʰ	［1］通［2］豚臀同铜桐童瞳［3］筒桶捅统［5］痛嗵{象声词}动-{伤筋～骨}
n	［2］脓浓［5］嫩
l	［1］咙{kuəʔ21～：喉咙，分音词}□{xuəʔ21～：囫囵，“浑”的分音词}［2］嵛仑论轮笼{蒸～}聋农龙拢{～共儿：总共；本来}□{tʰuəʔ3～：脱落，分音词}［3］拢隆陇垅笼{～子}窿{窟～}□{kuəʔ3～：“滚”的分音词}［5］论弄□{tʰuəʔ3～：“嗵”的分音词}
ts	［1］尊遵棕鬃宗综中忠终踪锺鐘盅［3］准总冢种肿［5］中仲众纵{～情}纵{放～}重{轻～}种{～树}
tsʰ	［1］村皴春聪匆葱充冲春［2］存唇纯莼醇囱丛虫祟从{～容}从{跟～}重{～复}［3］忖蠢宠［5］寸铳□{～腰：弯腰}
s	［1］孙鬆嵩松［2］𪨊{精液}倯{无能}［3］损笋榫怂耸［5］逊顺舜送宋诵讼颂
z	［2］戎绒茸［3］冗□{软，不干}［5］润闰
k	［1］公蚣工功攻弓躬宫恭［3］滚汞拱巩［5］棍贡供{～应}共
kʰ	［1］昆崑坤空［3］啃捆孔恐［5］困控空
x	［1］昏婚浑荤烘［2］魂馄虹弘宏红洪鸿和{介词，连词}［3］哄□{襄～：帮忙}［5］混轰掏閧横{～山}□{一ト～草：一丛草}
Ø	［1］温瘟［2］文纹蚊闻翁嗡［3］稳吻刎［5］问璺瓮{缸}
#yəŋ	
l	［3］拢垄{身体上隆起的长条形痕迹，如鞭痕}
tɕ	［1］均钧窘菌君军供-{～书，～不起}弓-{～家山：地名}莙{～薘}鬃{马～儿：刘海儿}踪-［3］迥［5］俊郡粽{～子}
tɕʰ	［2］群裙琼穷［3］焪{闷热}
ɕ	［1］薰胸凶［2］荀旬循巡殉勋熊雄［5］熏{用火、烟熏制}训□{形容词前加成分：～甜}
Ø	［2］云雲匀{～对}荣融痈容鎔庸［3］允永泳咏雍拥甬勇涌蛹［5］熨韵运晕用
#ɑʔ	
p	［7］八钹剥驳拔={～河}把{介词的促化音：我～他骂了一顿，～门关住}□{日～tsʰuɑ21：次，差}
pʰ	［7］胖{形容小孩儿胖，可爱}扒{粪～牛：屎壳郎}［8］拔-{～萝卜}脖{～颈}
m	［8］抹［0］么{liɤu33～：赶紧}
f	［7］法髪发［8］乏伐筏罚
t	［7］答搭达瘩{圪～}鞑{毛～子：头发很长的男人}
tʰ	［7］踏拓塔榻塌溻搨讬托{手～子：手掌}特庹{两臂平伸两手伸直的长度}［8］沓铎薘{莙～}
n	［7］捺诺{～言，少}呐［8］纳
l	［7］酪乐={快～}拉{拨～}邋{～赖}［8］落={树叶～下了}烙={～印}洛络={联～}拉{～一把}腊蜡鑞辣瘌
ts	［7］劄札扎作则泽择责咂
tsʰ	［7］厕插擦察礤{～子}侧{～面}测策册［8］杂炸铡
s	［7］刹杀索［0］𢶍{搕～：垃圾}
ts	［7］侧{～楞}窄摘指{～头儿}折𫭮{斜～：地名}
tsʰ	［7］拆䜺□{形容词重叠后缀：寡～～}［8］宅□{～mər213：细叶韭}
ʂ	［7］涩虱色啬
x	［7］瞎［8］盒匣
#iɑʔ	
t	［7］喋{圪～：撒娇}
n	［7］鸭押
l	［8］□{秃舌卜～：舌头短，说话不清楚}
tɕ	［7］夹裌甲胛挟{～菜}［0］家{亲～，促化音}
tɕʰ	［7］恰掐洽劫怯客-［8］□{老～：过熟，过老}［0］堑{串～}□{tɕʰyɑʔ4～新：崭新}
ɕ	［7］狭峡胁协辖
#uɑʔ	
ts	［7］桌卓捉
tsʰ	［7］戳镯［0］□{剥～：零碎掠取}
s	［7］刷朔缩=
z	［7］挼{撕撕～～}
k	［7］刮
x	［7］获［8］滑猾
Ø	［7］握龌{～粕气：不干的粮食被捂后发出的味儿}搲{黏黏～～}［8］袜
#yɑʔ	
tɕ	［7］觉角
tɕʰ	［7］□{圪～：住在一起，关系亲近}
#əʔ	
p	［7］钵{扳～子：拔火罐儿}拨不博泊帛馎{烙(饼子)}煿{糊～：饭煮糊了}卜{表音前缀}□{分音词前字，如～pɑ̃53：“棒ʰ的分音词}［8］笸{～篮儿：两系的筐子；～箩}茇{荆～；专指草、树、庄稼的量词：一～树}卜{状态形容词中缀，干～楞楞儿；洋～张张儿：心不在焉、满不在乎的样子}
pʰ	［7］泼勃饽樸朴扑醭仆曝瀑粕［8］薄
m	［8］末沫抹没殁{～了}莫膜寞摸木目穆［0］拇{老～指头儿：大拇指}
f	［7］福幅蝠复腹覆服伏復佛佛缚［0］夫{姑～，姨～}
t	［7］得德的□{分音词前字，如～lie33：垂下}
n	［8］那{～家：他们}
l	［0］嘞{语气词}
ts	［7］脊{～背}怎{～摩}□{分音词前字，如～liɑo213：机灵}［0］子{名词后缀}
tsʰ	［7］蒺{～藜儿}□{拿，取}
s	［7］瑟
tɕ	［7］蔗摺褶哲蜇{～人}辙折浙执汁秩质着{～重}酌芍{～药花}摭{打～：收拾}稙直={～接}织职隻{一～鸡}□{谷～～：装在枕头内作心儿的谷穗儿之类}［8］这［0］□{而～：现在}
tɕʰ	［7］彻撤绰饬赤斥尺吃［8］侄着{睡～}直-{～端}值
ʂ	［7］佘摄涉设湿失室式拭{～布：抹布}饰适释□{tʰɑe412～：一般，用于否定词之前，修饰动词：～～不来}［8］舌折十什拾实勺{又：～子}食蚀殖{骨～}植{木～}射{猛然立起：一～起来}石□{～多：很少}叶{～家园沟：地名}
ʐ	［8］热日若弱
k	［7］合蛤{～蟆}鸽割葛各阁搁胳格革隔虼{～蚤}核{～桃}袼{～褙儿}□{分音词前字，如～lɑ̃412：“杆”的分音词}［8］棘{～针}圪{表音前缀：～台，～搐}吉{～针庙：地名(当是“棘”，不过地图、当地人都写这个字)}［0］去{作连动式后项，语气词}格{状态形容词中缀，白～生生儿；清～湛湛儿：水清澈的样子}
kʰ	［7］可{副词：～多嘞}咳磕渴壳刻{时～}刻{拿刀～}克客嗑{吃～：口吃}［8］去{作谓语}□{分音词前字，如～lɤu213，“腔”的分音词}
ŋ	［7］讹{～诈}鄂恶额扼搕{～𢶍：垃圾㷈压(火)，捂(火)}
x	［7］喝合郝鹤黑赫嚇核□{～ləŋ53：一种食品，将土豆淀粉和成面后搓圆球状，蒸熟，蘸汁儿吃}□{分音词前字，如～lɤu53：“巷”的分音词}［8］□{～来：很}
#iəʔ	
p	［7］鐾臂譬别鳖彆憋笔毕必弼北逼愊{过饱}百柏伯擘掰檗碧璧壁
pʰ	［7］撇匹迫拍魄饽僻辟劈箅{～子}［8］鼻别{～人}白-蟞{夜～蜉儿：蝙蝠}
m	［7］墨默觅［8］秘泌灭密蜜麦脉沫{唾～}□{灶～爷爷：灶王爷}
t	［7］跌叠={重～}的{目～}滴嫡笛喋敌狄籴{～下了：包圆儿买了}
tʰ	［7］帖贴铁踢剔提{～手；～手旁}［8］叠-{～住}碟［0］恬{散～：舒服}
n	［7］聂镊蹑疟你{促化音}［8］腻孽捏逆你{第二人称代词领属形式}
l	［7］荔猎列烈裂劣捩栗略掠历{古～}粒［8］立笠力［0］嘞{语气词}
ts	［7］藉褯接捷辑节疾即鲫积迹脊籍藉绩寂击激吃{～嗑}
tsʰ	［7］缉切鹊七漆戚嘁怯□{～tso53：暗暗地较劲}［8］集截□{～kəʔ3：糟蹋，祸害}
s	［7］习袭薛悉膝息熄媳惜昔席夕锡析蜥{～虎儿：壁虎}相{动词前缀：～打，～吵}［8］楔［0］些{又，这～，那～}
tɕ	［7］急级给及髻杰揭羯{～子}结洁{净}吉爵脚鲫极墼{泥～：土坯}□{干，稠}［0］家{名词、人称代词后缀：老张～，人～}价{指示代词后缀：这底～}
tɕʰ	［7］泣濕祈乞却缉{～口子}□{～𡰪：脱肛}□{～搅：在一起共事，打交道}［8］劫□{乱手～脚：形容多人做事做不好事情}
ɕ	［7］吸歇蝎学{～校}塞{～子，耳～}膝{圪～盖儿}
Ø	［7］缢噎乙一虐疟约岳乐益越{副词}［8］叶页业拽{拉}药钥□{痣}□{沉陷沙土遇水后沉下去}
#uəʔ	
t	［7］裸{～体，疑为训读但暂未找到本字}掇敠夺={～取}踱独读牍笃督毒［8］𡰪{～子：屁股}厾{轻戳}
tʰ	［7］脱突秃□{～lu33：喝粥的声音}［8］夺-{～下}犊{牛～子}独-{吃～份儿}
l	［7］蝼{～蛄}肋勒鹿禄六-［8］律率陆绿录
ts	［7］做撮{一～毛}拙术{白～}琢啄涿浊族竹筑逐祝烛嘱触𡎺{填，塞}
tsʰ	［7］猝出窗促描撮{～土}绌{发皱、起皱、系}［8］凿-{单用时的白读音}轴
s	［7］说术{技～}秫芍速=叔束［8］勺{～子}熟淑赎属
z	［8］入辱褥肉{亲堂骨～：同一个爷爷的子孙}
k	［7］聒骨核{～子}郭国榖谷锢{～鏴匠}毂［213］葫{～芦}喉{～咙}［0］个{指示代词后缀：这底～}
kʰ	［7］括阔窟廓扩哭酷［8］□{分音词前字，如～lie53：“圈”的分音词}
x	［7］豁忽霍藿劐或惑斛货{～郎子}［8］活［0］忽{状态形容词中缀，轻～缭缭儿：轻飘飘的样子；薄～扇扇儿：薄而飘动的样子}
Ø	［7］屋沃捂{～住}［8］五物勿兀{远指代词：～是你姑舅}
#yəʔ	
l	［7］捋
tɕ	［7］绝厥憠撅撧决橘爵镢噘足局□{家～：三辈四辈之内最挨近的伯叔弟兄}
tɕʰ	［7］诀缺黢屈掘倔确掬麯曲□{～tɕʰiɑʔ21新：崭新}［8］橛蹶{尥～子}卒{～～}嚼菊{～花儿}炔{洋～儿：火柴}取{～灯儿：火柴}凿-{～子，变读撮口呼，特殊}
ɕ	［7］续雪血穴戌恤削肃宿速=畜蓄踅□{拨～：指导，辅导}［8］俗续
Ø	［7］裕悦阅越曰粤域狱慾欲浴［8］月
