#符号：-白=文	
#ɿ	
ts	[1]朱诛蛛株硃珠注註蛀炷铸制製知蜘智支肢资姿咨诸致脂至置辎之芝志誌痣𣥼{盛，~满}[3]主猪{儿化韵}褚煮紫纸指址嘴[0]稚2{幼~}旨滓{渣~}止趾子{小称；词尾}著{~作}枝{荔~}栀{黄~花}鲻{~鱼}疰{~夏}□{硬~~：硬是}□{神志无~}□{酸~~}
tsʰ	[1]鼠趣处{~理}处{~长}雌刺赐翅次厕吹[3]取侈耻[0]齿{牙~}痴{白~}此{到~}粢{~饭}
dz	[2]除厨雏池瓷迟辞2词2磁槌{弹花㪝~}[6]柱字2苎[0]住荠{~菜}驻{~扎}寺{~庙}糍嗣饲{~料}橱{衣~}稚1{幼~园}□{藠头~}
s	[1]书絮梳舒庶须{必~}需枢输筛世势斯厮撕施私四肆师狮尸屍诗试司丝思尿岁{几~}[3]水[0]数{~钞票}暑{~假}矢使{天~}史驶始笥{土~}鸶{长脚鹭~：多形容人长得高}𪓿{癞~：青蛙}□{后~颈：后颈}
z	[2]时鲥慈如殊绪储锄儒滞誓逝驰持辞1词1祠墅[6]是市字1竖树事[0]士仕伺自{旧，~家}乳{腐~}聚{~拢}序叙{记~}署{专~}曙薯氏雉{~鸡}示视痔治柿侍兹滋似{相~}祀{祭~}巳{辰~午未}鳀{~鱼}
#i	
p	[1]闭变边蓖篦臂秘泌庇鞭编蝙遍弼婢{小娘~}[3]比贬扁[0]鄙汴匾屄{丫头~}□{叫~：哨子}
pʰ	[1]片批砒披譬屁篇偏骗嚭{伯~}
b	[2]皮疲币敝弊毙脾琵枇肥-{~皂}便[6]辨辩鐾{~刀：磨刀}[0]被{~头}婢{奴~}避痹辫坒{挨~：依次摆放}啤{~酒}微-{低~：身份地位低}蹁{~倒：侧向滑倒}篦{~箕：一种齿比梳子密的梳头用具}□{~儿：怀孕}
m	[2]迷眯咪弥眉绵棉眠[6]米面缅麵[0]靡糜尾-{~巴}味-{~道}渳{小口少量喝}免勉娩鮸{~鱼}
f	[1]飞废肺非痱妃费{~用}覅[0]匪榧翡
v	[2]维惟肥={减~}[0]唯尾={羊~笋；追~}未味={~精}微={~信}薇{蔷~}费{姓}
t	[1]低帝掂店颠[3]底抵点典[0]渧{溚溚~}癜{白~风}癫{羊~疯}踮{~脚}蒂{花~头}
tʰ	[1]天梯{~子}涕剃替添[3]舔[0]体{身~}屉{火~：把柴草推入灶的用具}□{~太⁼：脏}
d	[2]田钿题提蹄啼甜填[6]弟电垫{坐~；篾~：篾牑，垫在瓦下的篾席}[0]堤{~坝}第递{快~}隶地殿奠
l	[2]离篱璃黎梨犁厘狸廉镰簾连莲联怜恋[6]礼利裏捋[0]吕旅虑滤例厉励丽荔履痢李里理鲤吏泪敛殓脸练炼链楝劙{划，~开}榈帘莉娌{妯~}㼑{瓜瓤，倒~：瓜熟透了}㪝{弹花~槌}鳢{乌~}蛎{~黄}鲢𧐖{蚱~：蝉}□{⿰氵隸，汗出吐~}□{~杀：将动物猛摔致死}□{雪白~}□{赖⁼~：形容小孩容易抚养}□{刁~鬼}
tɕ	[1]记计幾{~乎}机讥饥饥肌祭际济基既寄季稽继繫{~鞋带}冀见尖歼剑鉴兼艰间{中~}涧煎箭建荐肩坚剂[3]简柬剪幾{~个}繭{蚕~}趼{老~}[0]几{茶~}己纪鸡姊叽髻穄{芦~扫帚}检掮{~客}鲫箕{筲~}齑{咸~}牮{~的，斜着支撑}稷{社~}□{臀~：坐板疮}□{竖~毛}□{~手：什么事都不做}□{和~：完全}
tɕʰ	[1]去趋妻溪契{地~}器弃欺气汽签欠谦歉千迁牵[3]启企起浅[0]杞{~子：枸杞}岂遣笺{信~}祈觑{眯~眼}□{~脚：把剩余的货品买下}□{~翘⁼：不平}□{后~筋：跟腱}
dʑ	[2]奇骑脐歧祁鳍其棋期旗潜钳钱乾{~坤}虔饯[6]件渠{他，第三人称}[0]自{新，~家}技妓俭搛{~菜}践键健棘{荆~}鲚{~鱼}祺{眼花~}麒荠{蒲~}厩{鸭~间}攲{用筷子夹}
ȵ	[1]粘黏[2]耳年宜尼泥艺倪仪染阎严研[6]二贰碾[0]腻义议蚁谊毅砚疑拟瘾{过~}俨{~胡正经：一本正经}□{~~螺：蛞蝓}
ɕ	[1]西犀细婿奚{姓}溪=嬉嘻嘶熙希稀锨仙鲜先蚬{黄~}线轩宪献佃{俗，~农（读如“细”，属误读）}[3]喜玺死险癣显[0]系{~统}繫{联~}係牺戏圾髓{骨~}筅{马桶豁~}箲{天萝~}□{~里火⁼漏⁼：言辞含糊，不合常理}
ʑ	[2]徐齐移忌饴沂遗炎盐{食盐}檐焉延前贤弦沿兖[6]盐{腌制}贱[0]又已以{~为}肄异言艳雁谚现演堰
k	[1]甘柑泔干{天~}肝竿{㫰~}乾{~湿}幹{~部}[3]赶敢感狗{儿化韵，黄~}[0]杆秆擀
kʰ	[1]看{儿化韵}
ɦ	[2]夷姨焉[0]易淹{范仲~}倚魇{梦~症}勚{器物（桌脚等）磨损}蜒{海~}痬{~过：传染}冶{~金}焰{放~口：寺庙里用于超度饿鬼道众生的法事}咦{就：去~去，有啥了弗起；也：要讲来~没来}□{~~动：想吐的感觉}
∅	[1]衣{~裳}依伊医意阉掩厌蔫烟燕咽宴[3]厣{螺类介壳口的圆片盖}[0]以{可~}忆亿嫌{~贬}胭䞁{~长短}𥀬{结~：结痂}□{~房：填房}□{表前一动作的重复态，吃好~好}□{蚊虫~丝}□{踢~子：踢毽子}
#u	
p	[1]布佈怖[3]补
pʰ	[1]铺[3]普[0]谱浦脯讣
b	[2]菩脯□{埋}[6]步部埠[0]薄簿孵{本字为“伏”，~小鸡}阜膊{手~络⁼头}蒲{~公英}鯆{土~鱼}篰{亮眼~}□{胀~}
f	[1]夫肤付乎{在~}呼俘赋敷麸赴富副傅{姓}[3]浒腑[0]虎琥府甫斧孚{美~灯}
v	[2]吴梧胡湖葫糊蝴狐壶符芙无巫诬浮[6]雾戊{~己庚辛}妇[0]伍户沪互护午{~时}恶{可~}傅{师~}抚父腐辅附武舞侮鹉务俯和{嬲~：玩耍}
t	[1]都嘟肚{牛~}[3]堵赌
tʰ	[1]吐兔[3]土[0]唾1{馋~水}
d	[2]徒屠途涂图[6]渡[0]肚杜度镀
n	[2]奴[6]怒误{错~}悟[0]努娱1{~乐}
l	[2]卢鸬驴芦庐[6]路橹[0]鲁卤滷{菜汁}露鹭鲈炉{煤球风~}
ts	[1]租[3]祖组阻
tsʰ	[1]粗醋措初[0]楚础瘄{出~子}
dz	[0]助{帮~}
s	[1]苏酥稣{耶~}素诉疏蔬鬚{牙~：胡须}数{名词}[0]□{囡~：孙女}
k	[1]姑固孤雇顾[3]古估股[0]故咕{~~忖：沉思}菇鼓
kʰ	[1]枯库裤[3]苦[0]箍{~桶}窟骷□{塌~菜}
ɡ	[6]跍
ɦ	[0]莴{香~笋}斛{石~}
∅	[1]乌钨邬熓{灯~掉：灯熄}污焐{使变暖}捂{掩埋；盖着}诬[0]坞
#y	
t	[1]丢
l	[2]流刘浏留榴瘤硫琉[0]柳馏㧕{搅拌，~~其}
tɕ	[1]居車{象棋}据锯拘驹句龟-阄贵-鸠纠救究纠眷卷绢涓[3]九举鬼-酒捲[0]矩韭灸捐□{~作：捉弄人；收拾物品}
tɕʰ	[1]区驱秋鞦鳅丘圈劝券躯[0]揫{箍桶打~}□{~得：幸亏，亏得}
dʑ	[2]求球拳权颧渠{~道}瞿衢炬囚裘[6]旧[0]巨拒距具俱惧飓跪柜{旧，~头狮子：售货员}臼舅就{将~}
ȵ	[1]扭[2]元原源愚虞揉[6]软[0]女语蕊-{花~头}阮愿纽钮
ɕ	[1]靴虚墟嘘秀绣锈修羞休楦[0]许
ɦ	[2]于盂余馀俞榆逾愉由油邮尤犹游悠员圆园围-{~巾}袁缘辕猿玄悬御[6]雨酉远县[0]於与吁{呼~}迂宇誉预豫娱2寓禹羽喻裕有友右佑诱柚釉院域鱿渔{~民}
∅	[1]优忧喂椅幽幼悠冤怨渊[0]鸳衣{~橱}
#a	
p	[1]拜[3]摆[0]叭{喇~}
pʰ	[1]派[0]□{想，打算}□{快快~~：做事粗线条}
b	[2]排牌[6]败[0]罢
m	[1]妈[6]买卖[0]□{吃~~：吃饭，儿童用语}□{发~柴⁼病：疟疾}
t	[1]戴带
tʰ	[1]太泰他她它[0]拖{新，猫~去}□{~锣}□{~饶：求饶}
d	[6]𢪂{抓痒}[0]大{~学}埭{一~路}
n	[2]挪[6]奶-[0]那{旧~~：衣服很旧的样子}艿嬲{~和}拿{加~大}□{~泥}
l	[1]拉啦[6]赖癞{~头}[0]垃喇{~叭}攋{用工具聚拢草、叶等}□{~柴胡子}
ts	[1]斋债
tsʰ	[1]差{出~}蔡[0]䱗{~鱼}□{偷摸，东西~去嘞}
dz	[6]咋[0]□{~~亮}𱚼{~屙}
s	[1]晒傻[0]洒{~水车}
z	[2]柴豺□{~来~去}□{~~响}□{发买⁼~病}
k	[1]介界芥尬隘届戒街[3]解[0]隘{多用于地名}茄{番~}阶{上~沿}庎{~橱}茄{雪~烟}
kʰ	[1]揩[0]卡
ɡ	[0]懈{~门：不情愿}嘎{~~鸭，儿童用语}
ŋ	[6]外[0]伢{孲~：婴儿}
h	[1]哈[3]蟹[0]□{~扑：报废}
ɦ	[2]鞋[0]啊{疑问语气词}也2□{~蒲荠：蠢人}
∅	[1]挨[3]矮[0]鸦{~片}埃{~及}捱{~过去}靉{天~拢来：云层变厚}□{拥挤，~进~出}
#ia	
t	[1]爹[3]嗲=
tɕ	[1]借家={~长}傢={~具店}驾佳□{蝉}[3]姐贾{姓}[0]阶{~级}□{~笔⁼丽⁼：声音尖锐}
tɕʰ	[3]笡
dʑ	[0]茄{~克衫}□{哄骗小孩，~~其}
ȵ	[0]□{~乌猫，儿童用语}
ɕ	[1]卸[3]写[0]□{~酒：斟酒}□{~意}
ʑ	[0]斜{~坡}
ɦ	[2]爷涯崖[6]谢也1野夜[0]霞邪耶{~稣}斜{~风~雨}
∅	[1]亚呀{~~糊}椰鸭{~梨}[0]雅
#ua	
k	[1]怪[3]寡拐
kʰ	[1]快
ɡ	[0]□{~~奔：卖力地跑}□{拟声词，~~响}
h	[1]歪
ɦ	[2]怀槐淮[0]坏{~掉}还{~有}
∅	[1]哇[0]娃{洋~~}坏{~人}
#ɛ	
p	[1]扮班斑颁扳般𢲔{~跌：绊倒}[3]板[0]版畈{烂地~}□{懒⁼~：偶尔}
pʰ	[1]盼攀襻
b	[2]爿[6]办[0]瓣□{屙衲~：尿布}
m	[2]埋猫{儿化韵}蛮曼漫幔[6]慢晚{~娘：后娘}[0]万-{麻将万子}蔓
f	[1]番翻[3]反[0]返泛藩贩㽹{恶心想吐}幡□{~登⁼：熟练}
v	[2]凡帆烦矾繁樊[6]犯饭万=[0]范範
t	[1]旦担{动词，~任}担{名词，挑~}耽眈丹单[0]胆掸
tʰ	[1]滩摊瘫坍{书}炭叹舑{吐舌头}[0]毯坦袒
d	[2]谈痰弹潭谭檀壇{花~}罎{~子}[6]淡蛋[0]但诞氮燂{~茶：烧开水}□{~嘴，嘴角下垂的嘴型}
n	[2]难[6]乃
l	[2]蓝篮兰拦栏[6]烂癞{~蛤蟆}懒[0]览揽榄缆滥襕{~布}□{~板⁼：偶尔}
ts	[1]赞灒㜺{美好}[3]盏[0]斩攒劗{~肉饼子}饡{油~子}淬{~火}邅{提前：~预支}撍{双手簸动盛器，~~其}
tsʰ	[1]餐参{~与}搀[3]惨产铲[0]采{~花}灿掺忏剗{~穿：毛衣等穿外面不另罩外衣}𬺅{~牙：小孩长牙}
dz	[2]残栈惭馋[6]站赚[0]暂蟾鑱{犁~头}僝{吃~头：挨批评}䱠{虾~}
s	[1]三叁杉衫珊删散山疝汕舢衰[0]伞
k	[1]监尴奸[3]减碱拣橄[0]间{量词}裥{皱皮打~}□{~屁眼}
kʰ	[1]刊堪勘嵌龛[3]楷[0]坎砍舰铅{~笔}槛㦿{窗~}
ɡ	[6]□{不耐烦地指责}
ŋ	[2]岩颜[6]岸眼癌
h	[0]苋{~菜管}骸{筋~}
ɦ	[2]咸鹹闲呃{相当于语气“啊”，好~}[0]馅陷限
∅	[1]晏[3]鸭{儿化韵}
#uɛ	
k	[1]关惯
kʰ	[1]筷
ɡ	[2]环{铁~；杨玉~}[0]掼{甩}怀{~插}
h	[1]儇{乖}
ɦ	[2]桓玩顽{~皮}还{~原}[0]幻患宦援怀{~抱}环{~境}□{~眼}
∅	[1]弯湾[3]娃{儿化韵，小~：男孩子}[0]挽{舀取}
#e	
m	[0]咩{~~羊，儿童用语}
f	[1]覅
tʰ	[1]胎[0]台{~州}态{~度}苔{舌~}梯{路~}□{呒~地方}
d	[2]台苔{~条}抬[6]袋石{一~米}[0]待怠殆代贷
n	[0]奶={吃~~，儿童用语}
l	[2]来
ts	[1]再灾[0]宰者赘{入~女婿}
tsʰ	[1]菜[3]彩睬[0]猜
dz	[2]才材财裁纔[6]在
s	[1]赛鳃腮
z	[6]□{吃，含贬义}
k	[1]该={应~}该{表示存在或表示动作的持续：外头去~}概溉盖[3]改
kʰ	[1]开慨[3]凯
ɡ	[2]隑{靠着}[6]餩{打~}戤{靠：~牌头}
ŋ	[2]呆[0]碍
h	[1]汉[3]海[0]蚶{毛~}□{红出~~}
ɦ	[2]孩[6]亥害
∅	[1]爱
#ie	
ȵ	[6]艾念鲇验廿
dʑ	[6]茄
#ø	
p	[1]半搬
pʰ	[1]潘判
b	[2]盘[0]拌伴绊{~倒}叛蟠{~桃}
m	[2]鳗馒瞒[6]满[0]䓣{~裆裤}
t	[1]端断{决~}锻[3]短
tʰ	[1]□{量词，一~路：一小段路}□{~头布：零头布}
d	[2]团糰[0]段缎椴断□{~唐⁼：没有分寸的人}
n	[1]囡{~~宝}[3]暖=
l	[6]卵乱
ts	[1]占毡{毛~}战钻专转{~圈}砖[3]展转{~送}[0]瞻{~仰}撰纂篆鱄{青~鱼}
tsʰ	[1]川穿汆篡串窜蹿{~上~落}[0]喘{~~：虚惊一场}
dz	[2]全泉椽[6]传諓{因惦记而反复唠叨}[0]缠□{~头：歪脖子}
s	[1]扇搧酸算蒜闩拴栓宣喧[0]选陕闪
z	[2]船[6]善单{姓}禅蝉1[0]然燃旋膳鳝羡
k	[1]官棺观冠贯灌罐冠惯[3]管[0]馆莞
kʰ	[1]宽[3]款
#uø	
h	[1]欢换焕[3]虾1
ɦ	[2]完[6]换缓[0]丸
∅	[3]碗[0]腕皖惋{~惜}婉
#ɔ	
p	[1]报包胞豹[3]保宝饱[0]堡□{开~：皴裂}
pʰ	[1]泡炮抛[0]疱{天~疮}
b	[2]袍跑刨[6]抱铇{~刀}[0]鲍雹暴爆曝
m	[2]毛茅矛铆[6]□{呕吐}[0]冒帽卯貌锚猫{~眼}蚝{俗，生~}
t	[1]刀到倒{~水}[3]祷倒{~了}[0]岛捣
tʰ	[1]套滔涛掏[3]讨
d	[2]桃逃淘陶萄□{眼睛或眼皮向上翻}[6]稻[0]道盗导蹈悼□{~树，将树连根拔起}□{~摇⁼：人情来往的开支}
n	[6]脑闹□{踩}[0]恼瑙
l	[1]捞唠[2]牢[6]老[0]劳涝痨佬□{~锄头：形容语气冲}
ts	[1]糟遭灶罩朝{明~：明天}昭招照[3]早蚤澡找[0]枣爪兆□{暗⁼~：灰尘、皮屑等污垢}□{沾染（污渍）}
tsʰ	[1]抄操糙超[3]吵草[0]钞剿
dz	[2]曹槽朝{~代}潮[0]赵诏沼䐬{~~动}
s	[1]梢稍{~许：稍微}艄筲骚燥臊烧嗦{反问语气词}[3]扫嫂少
z	[2]韶[6]造[0]皂召绍邵扰䐬{~~动：胃难受}
k	[1]高膏篙羔糕告交-{~作业}胶教-{~书}觉[3]绞[0]稿铰茭鲛{马~鱼}较{呒~}酵1{发~粉}
kʰ	[1]靠㸆犒敲拷铐鮳{龙头~}[3]考烤
ɡ	[6]搞[0]搅{~脑子}绞{脱~}交{~落来：（祖上）传下来}
ŋ	[2]熬[6]咬[0]傲鏊{~盘}□{称赞}
h	[1]耗[3]好{~坏}[0]好{爱~}郝孝{烂~子}痚{~驼病}蒿{~~动：吃笋时因笋未熟导致喉咙发痒}
ɦ	[2]豪壕毫号[0]浩
∅	[1]奥懊澳噢{语气词，用在答句的句中或句末，表示受到提醒或同意对方意见}岙{用于地名}坳拗{摘：~朵花}詏{故意曲解，~吾一句}□{勾芡}[0]䫜{~脸}袄{夹~}阿{称呼词前缀，~叔~姨}
#o	
p	[1]巴疤靶芭霸坝[3]把[0]□{癞蛤~：癞蛤蟆}
pʰ	[1]怕
b	[2]爬杷琶[0]耙稗薄{~荷}䶕{~牙：龅牙}□{背~：上当}
m	[2]麻痳[6]马骂[0]码玛嬷蟆蚂□{丫~：嘴巴}
t	[3]朵躲[0]□{~发讨饭}
tʰ	[0]唾2{馋~水}□{~底：鞋垫}
d	[0]□{哭了~~响}
n	[0]哪{~吒}囡{~苏⁼：孙女}□{油~~}
ts	[1]楂渣诈榨炸遮蔗[0]吒乍{~山，地名}蚱柞{~树}蚱{~}
tsʰ	[1]叉杈岔车钗镲{钹}[3]扯衩[0]差{~弗多}□{手~进}
dz	[2]茶搽查蛇社[6]射2
s	[1]沙纱砂莎{~草}痧蓑唆赊舍捨[0]奢所啥{~事体}□{滑，~落去}
z	[6]佘{姓}射1麝{~香伤膏}□{高傲}
k	[1]加嘉家-{人~}假{~期}架嫁价瓜挂卦□{量词，块}[3]假{~货}[0]剐{千刀万~}褂{马~}校{~对}□{卵~~，儿童用语}
kʰ	[1]揢{抓}跨骻{开~}
ɡ	[6]□{迈，~过去}[0]□{喝~~：喝水，儿童用语}
ŋ	[2]牙芽衙砑蚜[6]瓦吾[0]□{焦~气：纤维烧焦的气味}
h	[1]花化[3]虾2[0]殕{白~：食物腐败长白膜}呵{~鼾}煆{加热}□{眼睛~~：稍微睡一会}
ɦ	[2]华铧[6]下夏厦画话[0]喔{~哟：失望的语气}桦活{做生~}□{在积水中行走，~过去}
∅	[1]丫蛙洼[3]哑[0]鸦{老~，乌鸦}挜{~卖：强卖}搲{脚~船}□{~码⁼：嘴巴（贬义）}
#io	
p	[1]标膘镖婊彪[3]表{图~}錶{手~}裱[0]滮{水~出来}
pʰ	[1]票飘[0]漂{~亮}漂{~白}□{肉交关~：鱼肉鲜嫩}
b	[2]瓢嫖剽
m	[2]苗描瞄[6]庙秒妙[0]渺缈谬藐
t	[1]刁叼{书}貂雕碉钓吊[3]鸟-[0]彫{呒~督}窵{~角：偏僻}
tʰ	[1]挑跳[0]䠷{出~}
d	[2]条调[0]掉迢
l	[2]聊辽寥[6]燎了[0]撩潦瞭料疗廖䩍{~白白}□{捞，~起来}
tɕ	[1]叫焦蕉郊骄娇浇椒[0]交={~通}狡较{比~}饺矫缴教={~育}
tɕʰ	[1]俏窍翘锹跷缲{~边：拷边}[3]巧[0]悄□{蹊⁼~瓦爿}□{需要，钞票~多少}
dʑ	[2]乔侨桥荞樵[0]轿撬藠{~头}翘{卖家称重时因分量多给导致秤尾翘起}
ȵ	[2]尧饶鸟=[0]绕哓{~猪}
ɕ	[1]笑肖消硝销鞘宵霄嚣萧箫孝酵2{发~}[3]小[0]晓筱{竹~丝：竹子上端细枝}□{~开}□{面白䩍~：面色惨白}
ɦ	[2]肴淆效摇谣窑姚尧□{着，表示动作或状态的持续，吃饱~或}⁼[6]校{学~}[0]鹞{~}□{道⁼~：人情来往的开支}
∅	[1]妖邀要吆哟{感叹词}腰闄{将室内前后一分为二的腰墙}[3]舀[0]哟耀
#əu	
p	[1]波1{新，宁~}波{书，~浪}菠玻[0]簸播{~种}
pʰ	[1]破颇坡剖[0]瀑
b	[2]婆[6]缚
m	[2]魔磨{动词}摩[6]墓某磨{名词}[0]膜漠模{~范}模{~型}暮幕募摹蘑
t	[1]多
tʰ	[1]拖{旧}[3]妥椭
d	[6]大[0]舵驼陀驮{~来}惰堕
n	[6]糯[0]懦挼{揉，~~其}
l	[1]啰[2]罗锣螺脶[6]摞[0]骡攎{~毛}萝箩猡逻虏
ts	[1]做[0]左佐
tsʰ	[1]搓磋挫锉[0]错
s	[3]锁唢[0]梭
z	[6]坐座
k	[1]哥歌个{~人老板}过□{兜着，承接}[3]果[0]锅裹
kʰ	[1]科窠棵课[3]可颗[0]苛蝌□{真~：确实}
ŋ	[6]饿鹅蛾卧[0]俄娥
h	[1]货荷{薄~}[3]火伙夥□{西⁼里~漏}⁼
ɦ	[2]河何禾[6]贺祸[0]和{~气}和{~面}和{~记⁼：完全}荷{~花}
∅	[1]屙[0]阿{~胶}倭踒{~脚}捼{~鸡贼}𤉦{~暖}涡蜗窝{金~银~}□{~拢：环抱住}□{~子：抛撒在水面用于吸引鱼群的饵料}
#œʏ	
m	[2]谋矛[6]亩牡母拇[0]茂贸姆{保~}
f	[0]否{~定}
v	[0]负{~责}
t	[1]兜鬥{战~}[3]斗{抽~}抖
tʰ	[1]偷投[3]㪗{展开}[0]□{花头~}
d	[2]头投[6]豆窦[0]痘
l	[1]搂{~耳朵}[2]楼[6]漏陋[0]鸾篓髅耧{~斗}屡镂{~眼}偻{~构⁼师}□{西⁼里火⁼~}
ts	[1]周舟昼奏邹皱绉州洲咒[3]走[0]帚□{背~：背部}
tsʰ	[1]凑抽臭[0]丑醜
dz	[2]仇{~恨}仇{姓}绸酬[0]宙纣
s	[1]搜馊蒐飕瘦嗽收兽[3]手首守
z	[2]筹愁柔[6]袖受寿[0]就骤授售□{~头，詈语}
k	[1]勾钩沟够构购[3]狗苟枸{~桔}
kʰ	[1]扣抠寇[3]口[0]䯊{脚~头}𧥣{说定，辰光~好}
ɡ	[6]趜{~的；~拢}
ŋ	[2]牛[6]藕偶
h	[1]鲎{海洋节肢动物}鲎{虹}[3]吼
ɦ	[2]侯喉猴[6]厚後{~背}后{皇~}[0]候
∅	[1]欧瓯讴{叫}[3]呕[0]殴伛{~倒}
#ei	
p	[1]贝杯辈背{~周⁼：背部}碑卑悲
pʰ	[1]配沛丕胚坯辔
b	[2]培陪赔裴[6]备倍背{~书}[0]佩焙□{稻~}
m	[2]梅霉枚媒煤楣[6]每妹美燬[0]媚□{~心弗过：心里感到过意不去}
v	[6]𫧃{合音字，不会}
t	[1]堆对𠡒{拉扯，七依八~；~牢}
tʰ	[1]推退贪探[3]腿[0]褪{~色}煺{杀鸡~毛}
d	[2]潭{~~：小水坑}[6]队兑绐{下陷}[0]窞{老酒~~：酒窝}
n	[2]南男[6]耐[0]内𤿏{柔软}
l	[2]雷嘞{相当于普通话的“了”，表示变化或新的情况，落雨~}[6]类累癗[0]儡垒擂蕾礌{滚来滚去}鳓{~鱼}
ts	[1]最醉追锥椎{颈~}[0]簪
tsʰ	[1]脆炊崔催翠[0]缀
dz	[0]□{合音字，怎么会}
s	[1]碎岁{~月}虽粹税□{~气}
z	[2]锐随垂蕊=[6]罪[0]芮瑞遂隧隋槌{~子}锤睡{~眠}蝉2蚕绥{~靖}
h	[1]熯{加热}鼾[0]蚶{毛~}憾
ɦ	[2]含函寒韩旱衔[6]汗焊[0]翰瀚晐{满，遍：~天下；~到各处}
∅	[1]安按鞍案哀暗哎庵鹌□{放置，~的}□{~板子：做事有规律}□{~糟⁼：灰尘、皮屑等}
#uei	
k	[1]归会{~计}桧圭桂闺规鳜贵={富~}[3]鬼={~子}[0]轨诡癸{庚辛壬~}刽瑰龟={海~}
kʰ	[1]块盔奎亏[0]傀愧□{⿰米鬼，糯米~}
ɡ	[0]葵逵魁溃窥柜{新，~台}
h	[1]灰恢晦麾挥辉徽[3]悔毁[0]贿秽
ɦ	[2]回茴桅[6]位会绘伟胃彙{词~}[0]为卫危匯{~款}惠慧伪韦讳纬苇违围={~棋}猬谓蛔魏尉{上~}
∅	[1]威慰煨[0]委萎痿畏
#iŋ	
p	[1]宾槟殡滨鬓彬斌兵冰柄[3]丙饼[0]并併{~下饭}屏{~气功}秉禀
pʰ	[1]乒聘姘拼併{打~：凑份}[3]品
b	[2]平坪评萍贫频凭瓶屏{~幕}[6]并病[0]濒{~危}苹
m	[2]鸣明名铭茗冥暝瞑民[6]命抿{~一口}[0]闽悯敏皿泯{童心未~}
t	[1]丁钉订汀盯叮靪{~鞋}疔[3]顶鼎[0]濎{~一~：使沉淀}
tʰ	[1]听汀{柳~，地名}厅[3]挺[0]艇桯{眠床~：床前的小桌}□{水明~：光滑}
d	[2]亭停婷廷蜓霆庭[6]定锭
l	[1]拎[2]林淋临邻铃伶翎零鳞磷陵凌菱灵[0]令领岭苓赁棱{~角}另吝凛麟疄{畦：一~地}
tɕ	[1]今金巾斤禁襟浸津进晋筋荆京惊敬竟镜精晶睛经径颈[3]井紧谨[0]锦茎境景警峻竣{~工}腈{~肉}
tɕʰ	[1]轻蛏侵钦揿亲卿庆青清蜻磬[3]请[0]寝顷{公~}倾覃{好呒~头}□{~盯盯}
dʑ	[2]琴芹岑2禽擒秦勤擎鲸情[6]近[0]尽仅竞钤{门~：旧式铁制门襻}靖{人名}劲{~道}𫏕{~房子：跳房子}□{~𠗶：冰凌}
ȵ	[2]人-银凝迎宁{安~}任{姓}龈[6]韧宁{~可}[0]认仁{虾~}鄞吟柠咛
ɕ	[1]心辛新薪信讯汛衅欣兴性姓星腥馨[3]婶醒[0]擤汛省{反~}□{多~：多于这个数}
ʑ	[2]寻寅晴盈赢形型刑萤{火~头}荥莹营[6]静净引[0]尹幸靖{绥~}颖询{咨~}淫
∅	[1]音窨阴荫因姻茵印殷熨应莺鹰鹦英映={~山红}婴缨[3]饮隐影[0]咽{~喉炎}蝇□{~线板}
#əŋ	
p	[1]奔畚迸[3]本
pʰ	[1]喷
b	[2]盆[6]笨[0]坌{~出}
m	[1]闷焖[2]门蚊[6]问-[0]盟蜈{~蚣百脚}
f	[1]分纷芬粪奋[3]粉
v	[2]文坟纹闻焚[6]问={~题}[0]愤吻刎分{积极~子}份雯紊氛甮
t	[1]登灯凳蹬敦墩礅顿炖[3]等[0]沌瞪膯{胀~}□{~脚：跺脚}□{刁~：赌气}□{~伤：久蹲站起而致膝盖受伤}
tʰ	[1]吞褪{~落}
d	[2]屯饨豚腾藤臀[6]钝扽{两头同时用力拉，或一头固定另一头用力拉}滕{姓}[0]庉{~顷}囤盾遁邓
n	[2]能[6]嫩
l	[2]仑伦沦轮崙[0]论倰{狭~~：形容窄而长的样子}楞{~严经}薐{菠~：菠菜}
ts	[1]针斟肫枕珍真镇臻振震尊遵曾{姓}增蒸贞侦征证政症[3]准準疹整[0]正{~常}正{~月}诊拯{包~}争={~取}筝甑{饭~}榛{~子}抌{~头：插在榫卯缝里的使接榫牢固的小木片}砧{~板}□{介~：刻意的样子}
tsʰ	[1]寸衬村椿春蹭称秤舂趁[3]忖[0]皴□{泡⁼~：开心的样子}□{副词，紧挨着，~门口}
dz	[2]成城{~市}沉陈尘岑1臣存曾{~经}澄{~清}惩橙乘承丞程[0]醇鹑阵赠拯{~救}仍逞郑循{书，~规蹈矩}呈埕□{~原：仍然}
s	[1]身森参{人~}渗深伸娠孙荀榫僧升胜牲笙声圣生={~命}生{~三哭：拼命地哭；不停地哭}[3]沈审损笋[0]旬申绅{乡~}狲{活~}
z	[2]神辰晨仁巡循绳塍城{慈~}壬{庚辛~癸}[6]顺剩蜃{出~}[0]人={~民}认{~真}刃纫轫忍肾慎润唇层甚莼盛{~世}任{责~}绅{~士}
k	[1]跟根更{~加}[0]耿
kʰ	[3]肯啃[0]恳垦□{~~呛}
ɡ	[0]艮{~~古古：顽固}
h	[1]□{渗，湿透}[3]狠[0]很脪{胖阳核~起：淋巴结肿大}
ɦ	[2]恒衡[6]恨[0]痕
∅	[1]恩
#uəŋ	
k	[1]棍[3]滚[0]绲{~条}
kʰ	[1]坤睏[3]捆[0]困昆崑
ɡ	[0]□{~脓}
h	[1]昏婚荤
ɦ	[2]魂馄浑[0]混
∅	[1]温揾{~酱油}瘟[3]稳
#oŋ	
p	[1]崩
pʰ	[1]碰{麻将用语}[3]捧
b	[2]蓬篷嘭[0]埲{~尘}
m	[2]盟蒙[0]萌懵
f	[1]风枫疯丰封峰蜂锋[0]讽烽
v	[2]冯逢缝{~衣裳}[6]缝{~道}[0]凤奉俸
t	[1]东冻栋冬[3]懂[0]董端{~午}
tʰ	[1]通痛[3]捅统
d	[2]同铜桐筒童瞳[6]动洞[0]桶潼胴{~肛}烔{热~~}
n	[2]农脓[6]侬=[0]弄{~怂}□{臭~~}
l	[2]龙笼聋隆[6]陇垄[0]弄{~堂}拢咙{胡~}襱{~裤}砻{~糠}
ts	[1]中忠钟盅种{动词}棕鬃宗终众踪[3]总肿种{名词}[0]粽俊综仲衷□{瓮⁼~：懊悔}
tsʰ	[1]聪匆葱囱充铳冲[3]宠[0]楤{~担}𥅻{瞌~面貌}蹱{七~八跌：酒喝多走路不稳的样子}□{~手：扒手}
dz	[2]从虫崇茸[6]重[0]纵仲诵颂讼
s	[1]送松淞鬆宋嵩舜瞬叔{儿化韵}[0]耸怂{弄~：恶意捉弄人}㧐{用双手抱着上下摇动，~毛头}
k	[1]公蚣工贡功攻弓躬供恭宫[3]拱[0]巩肛{胴~}汞
kʰ	[1]空控[3]孔恐
ɡ	[0]共
h	[1]轰烘哄{臭~~}[3]哄[0]蕻□{~背：驼背}
ɦ	[2]红虹鸿弘宏洪叿{~来~去：凑热闹}
∅	[1]瓮翁嗡[0]蓊{芋艿~}□{~衷⁼：懊悔}
yoŋ	
tɕ	[1]军君均钧[0]莙{~荙菜}郡迥炯供{~大人}
tɕʰ	[0]菌桊{鼻~头}
dʑ	[2]群裙琼穷穹[0]窘
ȵ	[2]绒浓[0]□{⿰女农，老~}
ɕ	[1]熏薰勋训兄嗅凶胸殉[0]燻{~鱼}
ɦ	[2]云耘雲匀孕荣熊雄融容溶熔镕蓉庸[6]运用闰韵晕[0]允戎佣{雇~}
∅	[1]雍壅[3]蛹[0]永泳咏甬拥涌勇
ã	
p	[1]浜[0]绷{棕~}伯{儿化韵，~~}
pʰ	[0]乓椪{~柑}□{~~船}□{水~堆}
b	[2]朋棚彭膨[0]蚌1{河~}碰{~头}𦗭{聋~}蟛{~虫：白蚁}甏{~火}□{~~船：船，儿童用语}
m	[6]孟猛[0]蜢{黄~苍蝇}
t	[3]打
d	[6]宕{拖延，~辰光}趤{散步，~马路}[0]□{垂，~落来}
l	[6]冷
ts	[1]张{姓}张{量词，一~眠床}帐账胀争-{~起来}[3]涨[0]长{生~}㬹{手~子头}睁□{~节：树的枝节}
tsʰ	[1]畅撑牚{撑挡}[3]厂[0]䱗{~鱼}
dz	[2]长{形容词}肠场[6]䂻{塞，加木片于榫卯}盛{姓}[0]丈仗杖锃瞠{~开：张大眼睛}䂻{钻}
s	[1]生{~小人；做~活：工作}甥[3]省[0]鮏{鱼~：水产品}
k	[1]庚羮耕更{三~}[0]粳□{钻，~洞}□{~架，餐具架}
kʰ	[1]揞2{扔}
ɡ	[0]鲠{~牢}
ŋ	[6]硬
h	[1]夯[0]亨{大~}□{~朋⁼冷⁼打⁼：总共}
ɦ	[2]行{~为}[0]杏桁{~条}
∅	[1]樱揞1{扔}㹙{小牛}
#iã	
l	[2]良粮量{动词}凉梁粱[6]亮两{量词，表个数}[0]两{重量单位，几~}谅辆量{重~}
tɕ	[1]将浆酱疆僵薑缰姜[3]奖蒋[0]桨雀{儿化韵，麻~}降2{下~}
tɕʰ	[1]羌呛枪锵[3]抢[0]腔顷{有~}敞{~开供应~}𬸶{蟹}□{酒味浓烈}□{石灰~一~}
dʑ	[6]净犟[0]强{~大}强{~迫}弶{落~麻雀}
ȵ	[2]娘[6]酿让[0]壤{土~}
ɕ	[1]相箱厢湘襄镶饷香乡向[3]想享响[0]鲞饷{粮~}商{好~量}
ɦ	[2]阳墙详祥洋烊杨扬疡[6]痒样瀁{液体晃动外溢}象像橡仰炀{融化}[0]羊垟{田~：田地，地面}匠蔷{~薇}养{营~}䑆{恶心~~}
∅	[1]央秧殃映-{放~}[0]养{~儿子}鸯
#uã	
k	[3]梗挭{泥水匠用泥刀将一团泥甩在墙上抹匀}[0]光{~火}□{~浆糊}□{~青}□{~酸}
kʰ	[0]□{拟声词，~~镲：钹}
ɦ	[2]横[0]□{打~：开小差}
∅	[0]硬{~至⁼至⁼：硬是}
#ɔ̃	
p	[1]邦帮谤镑磅[3]榜绑
pʰ	[1]胖[0]疱{天~疮}髈{大脚~}膀{蹄~}
b	[2]旁螃防庞[0]棒滂{俗，~沱（读半边字，属误读）}傍蚌2
m	[2]忙芒茫芒盲虻[6]忘妄望蟒网梦[0]莽氓亡{~羊补牢}
f	[1]方肪放芳妨访[3]纺[0]仿{相~}倣{模~}枋{门~}
v	[2]房
t	[1]当铛档裆[3]党挡
tʰ	[1]汤烫趟
d	[2]堂棠螳唐糖塘[6]盪[0]荡膛𠗶{近⁼~：冰凌}
n	[2]囊
l	[2]郎廊螂啷[6]浪[0]狼朗榔㫰{~杆}□{~猪：种猪}
ts	[1]庄赃桩葬壮装章樟障瘴樁[0]掌彰蟑妆
tsʰ	[1]仓沧舱创苍疮昌菖唱倡娼猖窗[3]闯
dz	[2]常幢臧{姓}藏[6]撞[0]臓{内~}嫦
s	[1]桑丧霜孀商伤双[3]嗓爽赏[0]磉{~盘}搡{~年糕}颡{䱀~鱼}索{~性}□{豪~：赶紧}□{~药}
z	[2]床尝裳偿[6]上{~头；~算，合算}尚[0]状晌
k	[1]冈刚纲钢岗缸杠江扛豇光2[3]讲港广2[0]肛{~门}降{霜~}□{值⁼~：够资格，有着落}
kʰ	[1]康糠抗炕囥旷2矿2眶2筐2[0]慷
ɡ	[6]戆[0]逛㽘{田~；~锨：一种农具，用于挖渠}□{~~响：声音沙哑，多指男孩变声期音色}
ɦ	[2]航杭昂[0]项巷行{银~}降{投~}绗{~针}
∅	[1]怏{犯~}
#uɔ̃	
k	[1]光1[3]广1
kʰ	[1]旷1矿1眶1筐1
h	[1]荒况[0]晃慌
ɦ	[2]王狂黄{颜色}皇蝗[6]旺[0]往蟥潢磺簧隍凰
∅	[1]汪黄{指蟹黄、蛋黄等}[0]枉□{水~堆}
#yɔ̃	
tɕ	[1]降1{下~}
#aʔ	
p	[7]八钵拨1{~电视：按电视遥控器}爸不百柏伯舶迫襞{硬~纸}
pʰ	[7]泼拍帕泊{梁山~}魄{~力}啪𤖼{~开：分开}
b	[8]拔钹勃渤白帛鼻1{~头管}
m	[8]末沫袜陌麦脉没默□{今~}
f	[7]法砝发髪
v	[8]乏伐筏阀罚弗佛拂勿物
t	[7]答搭得德掇{~的}荙{莙~菜}𢝉{~~动}□{反倒，俉~好}
tʰ	[7]拓{~本}贴塔塌鳎{鰙~鱼}榻搨{油~~}遢跶{打滑~}獭脱忒秃□{~~汪：菜烧软了}
d	[8]沓踏涾{~~滚}达哒夺突特溚{~~渧}□{糊~~}
n	[8]纳捺衲倷{~拉：你们}
l	[8]腊蜡镴邋辣肋勒猎迾{打~轧}剌{危险巴~}拉{阿~}□{快速利落，~~做快}□{骨~~：拟声词，滚动声}
ts	[7]汁扎执折{存~}浙哲蜇质卒着{~衣秋}则侧只{量词}织职拆窄摘责啧渍{~煞：很咸}匝{一~毛线}咂{~味道}□{硬~：水产等质量过硬}□{~开：散开；~秧}□{乃~：现在}
tsʰ	[7]插察擦彻撤撮{①量词，一小~②动词，~牛屙，清理牛粪}出册测栅蹙策赤斥尺簇{~刮新}曲{~鳝：蚯蚓}□{捡}□{老~}□{~滑⁼：溜走}
dz	[8]直值殖植辙侄秩着{~火}择{~菜}宅紮{驻~}捽{~头发}𢜭{~力}□{~岗⁼：够格}□{弗~讲}
s	[7]色啬识式失室杀眨{眼~毛：睫毛}涩湿萨煞设瑟虱飒撒率{~领}蟀塞饰适释{解~；雪~掉}刷涮寣{鸡⁼~觉：小睡}□{荫~：阴凉}
z	[8]石十什入闸煠{油~}蛰铡舌1折{~本}拾实术{白~}述術{艺~}贼食蚀泽□{~出来：突然露出来}
k	[7]格胳骼咯{~~笑}蛤{花~}䀫{因疲倦或生眼病感觉不适而眨动眼睛：眼睛~记~记}鸽夹{皮~}夹{狂心脚~}夹{~头~脑：劈头盖脑}裌{~衣}割葛革隔膈戈{倒~}胛{肩~头}溢{~出，液体盛满容器后外溢}□{~舌头：口吃}
kʰ	[7]磕瞌掐渴刻咳克客甲{指~}揢{~箩}□{厚~~}
ɡ	[8]夹{~牢}轧{牛~糖}
ŋ	[8]额
h	[7]喝瞎黑赫吓
ɦ	[8]合狭峡{旧}匣盒辖核{审~}骇
∅	[7]压鸭{~子}押轧{~棉花}厄{~运}轭阿{~哥~姐}蔼餲{~掉：食物霉变}呃{打冷~}
#iaʔ	
tʰ	[7]帖{字~}
d	[8]叠蝶{旧}碟{旧}
l	[8]略掠
tɕ	[7]脚1甲{~鱼}钾{~肥}爵
tɕʰ	[7]恰洽怯鹊却且{得过~过}雀{~斑}皵{倒~皮}
ȵ	[8]捏虐{旧}
ɕ	[7]削㽺{人交关~：体质差}
ʑ	[8]弱
ɦ	[8]药钥跃侠峡{新}嚼械{旧}协
∅	[7]约
#uaʔ	
k	[7]括刮骨掴{~瞎}
kʰ	[7]阔
ɡ	[8]□{~翼梢：禽类扇翅膀的样子}
h	[7]豁忽甩{~出算账}
ɦ	[8]滑猾核{果核}活划□{出⁼~：溜走}
∅	[7]挖殟{~塞：心情郁闷}□{~佬佬：想吃却吃不下的感觉}
oʔ	
p	[7]博搏膊剥驳北卜波2{旧，宁~}拨2{~吾}
pʰ	[7]朴扑仆{~人}樸醭{发~：生霉}泊{湖~}珀魄{魂~}□{壮~~}
b	[8]薄蔔{萝~}泊{~位}箔伏{~倒}栿{地~}袱脖𦤣{餲~气}
m	[8]木沐目穆牧茉莫摸模{好~好样}寞摩{~拖车}墨默
f	[7]福幅蝠辐復{答~}複{重~}腹覆蝮{~蛇}
v	[8]服伏{埋~}复{~原军人}茯
t	[7]笃{~落}督豚{~塞弄堂}沰{量词，一~}□{~舌头：口吃}□{倒~}□{山陡}□{~拐：拄拐}□{用手指拨、指或戳}
tʰ	[7]托託拓{开~}□{白~：（脸色）白净}
d	[8]独读牍渎毒铎踱□{~头~脑：只想着自己的事不参与社交}
n	[8]诺[0]侬{第二人称，客气语气}
l	[8]六陆录绿睩{~眼}乐{快~}烙骆酪洛络赂落鹿漉摝{~~动}麓禄颅□{手膊~头：手腕}
ts	[7]竹竺筑卓桌作琢啄瘃{鹅~}捉浞{迹~}拙{弄巧成~}祝粥足烛斫{~柴}嘱㰵{吸，~出来}䭁{~掉：酒及腌制品变质发出酸臭味}□{帽子~掉}
tsʰ	[7]促龊猝戳畜{~生}绰{~~有余}触□{~紫}□{䜉䜉~~}
dz	[8]凿昨=浊逐妯{~娌}着{看~}□{~落羮}□{语气冲}
s	[7]束速宿索肃㬘{燥~：干燥}叔{~~}粟硕朔塑嗍{~蛳螺}铄{将金属熔化}说{小~}啥{~人}□{浅~~}
z	[8]勺芍若俗族熟淑续赎蜀属辱褥孰{~侬}日={~本}术{手~}着{睏~}
k	[7]各阁搁郭觉-{~着}角个{一~人}国蝈穀谷
kʰ	[7]廓扩确{准~}壳哭酷镐{洋~}𤿩{燥~~：衣物干了}□{落~胚：强盗}
ɡ	[8]□{~~郎：未阉割的公鸡}
ŋ	[8]岳{姓}鹤鳄
h	[7]霍藿豁{~出去}
ɦ	[8]学或惑镬获□{①相当于助词“的”②相当于量词“个”}
∅	[7]屋握喔{~哟：惊讶语气}龌恶{~心}噩扼沃鄂锷
#yoʔ	
tɕ	[7]决诀菊鞠厥噘橘孑{~然一身}觉={明~寺}
tɕʰ	[7]缺屈吃曲{歌~}确{~定}
dʑ	[8]局焗{~油}倔掘橛{量词，段、截}镯轴
ȵ	[8]肉玉鰙{~鳎鱼}𢫭{揉捏}
ɕ	[7]血恤畜{~牧}㜅{漂亮}蓄噱{~头}旭
ɦ	[8]月越曰粤悦阅穴岳{五~}乐{音~}疫{旧，防~针}役育狱欲浴𢺴{手骨~出}□{手~~：摆手}
∅	[7]郁
iɪʔ	
p	[7]笔滗{~掉}毕必逼鳖憋瘪碧璧壁□{照明，手电筒~来~去}
pʰ	[7]撇匹䏘僻劈癖闢{开天~地}
b	[8]别鼻2{牛~桊}蹩{跛：~脚}笓{依次紧挨着放：~地板}𧼱{追赶，赶超}□{仔细审视：~眼火}
m	[8]灭篾蔑密蜜觅没{~去}搣{捻，拧：~发条}□{今~}
t	[7]滴嫡跌的{目~}的{存续词尾，坐~}裻{调头~角：东西放置得妥当}□{用指甲掐}□{~软}
tʰ	[7]铁踢惕剔
d	[8]笛迪碟{新}蝶{新}谍牒敌狄籴{~米}
l	[8]立笠粒列烈裂劣栗律率{频~}力历沥砾栎{~社，地名}
tɕ	[7]节接折{~断}摺{~叠}褶劫急即吉结洁秸{麦~}鲒{黄~鱼}级给揭䥛{沙⁼~：镰刀}戟只{总~介}积迹脊绩击激皆即1鸷{伤阴~}脚2{狂心~夹：走路嚣张的样子}□{用酱油浸}
tɕʰ	[7]七漆䜉{~~触⁼触}⁼辑缉{~鞋底}妾泣戚乞讫讫{收~}㾜{奶~}契{~的：提着}砌窃绰{~号}
dʑ	[8]及杰绝疾极剧寂捷截屐{烂木~，木~鞋，詈语}𢷒{用腋下夹物}□{弗~讲⁼：没有着落}□{闲白~：}：指闲话很多但不会实际操作的人
ȵ	[8]日业热聂镊孽疟{~疾}虐{新}匿逆溺捻{搞七~三}箬{~壳}
ɕ	[7]吸雪些胁析屑泄蝎歇悉膝戌{申酉~亥}息熄昔惜锡薛□{飘~：雨雪飘入室内}
ʑ	[8]习集叶页袭舌2拽逸翼籍藉席夕亦译易液腋
k	[7]该{表示近指“这”或远指“那”，~人}
ɦ	[8]谐疫{新}懈{松~}械{新}𢖺{~~动：心悸}
∅	[7]一乙壹噎揖抑益哕{~气弗转}𰿰{~记~记：走路拘谨的样子}𱶂{~子}
#m̩	
∅	[0]姆{~妈}呒{~告⁼：没关系}
#n̩	
∅	[0]芋
#ŋ̍	
∅	[6]五鱼儿-尔-{第二人称，多用于使令语气}[0]孲{~伢：婴儿}嗯午{端~}
#əl	
∅	[0]儿=耳={~机}饵尔=而
