#i	
p	[1]碑□{□ɬu52～：一種牛身上的蟲子，比蝨子更大}[2]屄□{□～po44：蝙蝠}[9]蓖{～麻}脾{1，內臟之一}琵枇鼻{2，聞}[3]彼比泌筆潷必逼碧□{□tu42～：螞蜂}[5]斃閉{2}箅備[6]蔽敝弊幣陛卑婢{奴～仔}痹畢□{阿～：叔父}
pʰ	[9]啤{～酒}[3]脾{2，～氣}疕{飯～：鍋巴}臂匹僻辟劈□{翼～：翅膀}[5]□{～火形仔：劃火柴}[6]鼻{1，鼻子}
m	[2]□{別、不要}[9]迷米{2，長度單位}彌{～勒}[3]美秘蜜[5]米{1，大米；長度單位}目{1，～珠：眼睛}[6]味{1，～道}□{～仔：一點兒}
t	[1]知□{在}[2]底{2，hia213～：這裡}[9]堤题提第遲持痔[3]抵{2}底{3，～□tsaiŋ45：裡面}適的嫡笛敵狄[5]弟{2，徒～}帝蒂智致置治{政～}蛰侄值[6]遞地{2，～基}□{～□ɬ ai52：趕牛用的竹鞭}□{棕～□pai52：棕葉}□{火～□kiaŋ44：螢火蟲}
tʰ	[1]篩{～籮：一種孔很細密的篩子}[3]體[6]涕{讀字}
n	[1]若{1，哪}[9]尼[5]耳{2，～釘：耳環、耳墜}入日[6]二{1}□{東西；□heiŋ42～：什麼}
l	[2]苔{1，青～}梨[9]黎蜊厘狸{2，狐～}[3]禮李{2，姓}里{距離單位}裡{心～}理歷□{赤□ka52～：裸體}[5]立力{使～：勤快}□{□leiŋ44～：穿山甲}[6]厲勵隸荔利痢吏
ɬ	[1]撕私{1，家～：工具}螄{螺～刀}屎{2，～窟：屁股}司絲鷥詩始{開～}伺□{□pu21～：一種用来罩在菜碗上面的罩子}[2]時{3，～間}□{～蟲：蒼蠅}[3]豕氏死屎{1，大便}侍習悉失室息熄媳惜{2，可～}昔釋析□{～女：處女}[5]四泗{～橋：地名}試{2，考～}實式[6]是視十{2，二～}食{3}席{主～}夕□{慢～仔：小心}□{□ɬio213～：收拾}
tɕ	[2]薺{□moi44～：荸薺}糍[9]劑字寺[3]姊旨指{3，～示}止址只{副詞}執汁質即鯽稷織職識積績□{溢}[5]濟自{2，～自{1}：自己。讀作tɕi42 tɕi45}至之志誌痣集疾{2，～病}□{一。常讀作輕聲。本書中寫作「蜀」}□{發～：癲癇}[6]自{1，自{2}～：自己。讀作tɕi42 tɕi45}十{1，～隻}疾{痛}□{□naiŋ42～：乳房、乳汁}
tɕʰ	[1]妻屍癡出{2，～去}[3]恥七刺{2，七跡切，扎在手指上的刺}□{閉眼；眠～：睡}□{跳骹～：用一條腿跳}[5]□{捅}[6]豉市食{2，扁～：餛飩}殖植斥□{□me44～：光線刺眼}
k	[1]枝{1，樹～}飢肌几{茶～}基姬幾{～乎}機{2}譏幾{～多}□{□kai52～：麻煩}[2]旗[9]奇{～怪}歧企祈其棋期麒{～麟坑：地名}□{2，～䘆：蚯蚓}[3]麂己紀{年～}杞急級及吉桔{～梗}極激{赤～：流氓}[5]繼紀{2，～念}記{2}既[6]技妓忌擊□{手指～仔：小拇指}
kʰ	[1]㩻{～住眠□tɕʰi213：侧身而臥}欺[2]蟣{螞蟥}[9]騎[3]啓起{3}乞豈{2}迄吃[5]器棄氣汽[6]柿
ŋ	[9]宜{2}儀蟻{2，讀字}誼義{2，習禮～}疑擬[6]藝義{1，～父，主～}議毅
h	[1]兮犧羲熙希稀[9]□{又}[3]喜吸橘□{～水：甩去水}□{～得：知道}[5]戲□{～多：這些}[6]系係
∅	[1]伊醫衣依□{～得：不知道}[9]移宜{1，便～}夷指{1，～仔：腳指頭}胰{～仔：肥皂}遺[3]已以乙一益譯□{～伯：內兄}[5]意異億易{貿～,詩書～}□{無～：害羞}□{□□naŋ44 naŋ44～：蟬}[6]憶液□{捅}□{肥～仔：蠋}
#u	
p	[1]背{～脊}不{2，差～多}[2]□{埋}[9]菩葡步背{3，～後：後邊}匏{1，瓠子}□{～火：吹火}□{～機：布機}□{～□ɬi52：一種用來罩在菜碗上面的罩子}[3]補{2，～贴}捕甫脯{桃仔～：桃子乾}斧釜輔訃腹{□lu213：肚子}[5]簿部怖背{2，刀～}鋪{1，蜀～tio：十里路}
pʰ	[1]鋪{動詞}鋪{2，臥～}麩[2]扶{1，推}[3]普浦殕{黴}覆{1，趴}□{～仔：硬幣有圖的面}[6]抱雹袱{包～：包裹}
m	[2]蒲{菖～}模{1}[9]模{2，劳～}膜[3]母拇牧[5]夫{1，丈～：男孩兒}婦{1，新～：媳婦}木目{2}穆睦[6]暮慕務霧戊幕
t	[1]都{首～}都{副詞}□{蹲}□{□lo42～：陰溝}[2]圖[9]徒屠途塗賭脰{～管：脖子}斲{～豨肉：買猪肉，碎碎～：剁}[3]貯{盛飯}獨讀犢督□{收～：装殮}[5]杜妒苧晝{1，日～：中午}毒{2，有～}□{～□pi213：螞蜂}[6]肚{胃}度渡鍍□{□ia42～：蝴蝶}
tʰ	[3]土突秃□{～□taiŋ45：蜥蜴}[5]吐{嘔吐}兔[6]毒{1，有～}
n	[2]奴{～才仔}[6]努怒
l	[2]盧爐鸕蘆爐{2}廬[3]鲁虜鹵簏{桌～：抽屜}□{鴨子啄物}□{腹～：肚子}□{用耙子扒}[5]鹿禄錄{2}[6]路露{2，白～}□{□ku52～下：腋下}
ts	[1]租阻雌资姿兹滋磁□{撮}[9]組助慈詞[3]祖子{1，地支之一}走{1，跑}祝逐[5]祠{～堂}自{3，～然}族
tsʰ	[1]粗初[3]楚礎紫[5]醋次[6]鑿{昨木切}□{看}□{鼎～：鍋鏟}
ɬ	[1]蘇酥穌梳疏蔬所{1，～在：地方}斯廝{～像：像}私{2，～人}师{2，老～}獅{2}思□{～□pi52：一種牛身上的蟲子，比蝨子更大}[2]蘆{1，蘆葦}[9]□{擰、絞}[3]所{2，派出～}使{3}史駛速肅[5]素訴塑數{名詞}嗽{咳嗽}[6]露{1，露水}士{1，棋子之一}事{2}六{1}
k	[1]姑孤狐估{～計}□{塍～仔：蚌}□{～□lu45下：腋下}[9]糊{～仔：糨糊}牯{羊～：公羊}□{稻穀飽滿}[3]古股鼓詁角{動物的角}穀谷[5]故固雇顧{還，副詞}[6]□{□noi21～：陰莖}
kʰ	[1]箍{空胡切}枯{榨完油之後的渣子壓成的餅}□{做□□ɬaŋ52 ma44～：捉迷藏}[3]苦虎殼哭□{煙□tauŋ44～：灰塵}[5]庫褲
ŋ	[2]吳梧[5]五伍午{地支之一}[6]誤悟娛
h	[1]呼乎{幾～}夫{2，～婦}膚扶{2，～貧}俘[9]狗{1}□{～□lai45仔：毛蟲}□{□～koi213花：杜鹃花}[3]府腑獲福複覆{2}服{2，～侍}伏復[5]菇{野生的蘑菇}芙{～蓉花}付赋咐赴{□o213～：来得及}附喉{1，～嚨}富副學幅□{2，～多：那些}[6]戶滬互護敷父腐{豆～}婦{2，寡～}傅後{1}候{1，時～}負服{1，聽～}
∅	[1]烏[9]胡{姓}壺湖葫符無武舞{1，～龍}鵡[3]誣撫舞{2}握屋
#y	
t	[1]猪[2]廚橱{1，菜～}□{□kʰui52～：虐待}[9]除鋤橱{2，雞～：雞住的地方}□{躲}□{雞虱}[3]竹築□{～住：患氣管炎}[5]鲤术{白～}[6]箸{火～：火筷子}事{1，事情；工作；話}
tʰ	[2]治{直之切，殺}[3]畜{～生}
n	[2]□{～皺：起皺}[3]女[5]肉
l	[2]驢[3]吕旅鋁律[5]六{2，～經}陸錄{1}綠[6]慮濾鑢{銼刀}二{2，～胡}率{效～}□{腹脊～：脊骨}
ɬ	[1]書舒须{必～}需输{～赢}□{相～：打赌}[9]黍{1，～仔：高粱}乳{1，豆腐～}[3]術述宿{～舍}叔淑菽粟{2}俗束[5]暑庶恕署赐[6]序敘緒似巳士{2，瑞～}仕嗣飼{～豨：豬}熟{2，熟悉}塾續□{汆}
tɕ	[1]諸誅蛛株朱硃珠{2，～仔}殊[2]薯{蕃～：白薯}蜍{蟾～}[9]徐儲[3]煮主子{2，讀字}粥足促燭蜀[5]著{陟慮切}聚駐註住{2}注蛀鑄□{蘿}□{□～血：淤血}□{病□miŋ45～：近視眼}[6]熟{1，飯～}
tɕʰ	[3]鼠取{2}此[5]處{相～}處{～長}试：[6]□{～塍：插秧}
k	[1]居車{棋子之一}駒[9]渠{2}衢[3]舉矩菊□{魔芋}□{□tɕy42～：籮的框架}[5]鋸俱句具記{1，～住}[6]拒拒距據懼劇{～場}劇{～烈}局
kʰ	[1]區驅[3]起{1，～泡；～戍：蓋房子}乞{1，～人：嫁人}屈麯曲{2，～駝：駝子}
ŋ	[2]魚渔[9]愚虞禹[3]語[5]玉獄[6]御禦遇
h	[1]墟{集市}虚箕{糞～，挑東西用的簸箕}嬉{玩兒}非飛{3，～機}[9]□{～泥：把泥土蓋上}□{□œ52～：骯髒}[3]滸許熻{～飯：在鍋裡燜飯}域畜{～牧}蓄育[5]萁{1，蕨～：蕨}廢肺費匪{土～：强盗}[6]雨{1，落～}
∅	[1]盂{痰～}[9]薯{2，蕃～葛：葛的根部}如余{姓}餘黍{2，～仔：高粱}儒榆乳{2，豆腐～}羽兒而□{臭～：狐臭}[3]汝{2}與爾沃{被雨淋濕}[5]於淤于雨{2，毂～}宇萁{2，蕨～：蕨}屬屬浴[6]譽預豫愉芋喻裕未{地支之一}欲
#a	
p	[1]芭疤笆{2}[2]菠{～薐}爬耙{耙子}把{2，礱～：的把手}[9]巴{下～}琶杷發{1，～芽}迫{1，窄}[3]把{1，量詞}靶八{2，～～仔：八哥}百柏擘{～喙：張嘴}□{睜}[5]霸壩[6]白{1}病{2，～啞：啞巴}
pʰ	[3]□{𢫦ma42～：演唱莲花落}[5]帕{手～}
m	[2]麻{2，～人：澀}嫲{雞～：母雞}□{做□ɬaŋ52～ □kʰu52：捉迷藏}□{𢫦ma42蜀～to52：打一巴掌}[9]媽{1，老～：妻子}[3]媽{2，媽媽}馬碼八{3，豨～戒：猪八戒}□{□kai42～：打結}[5]𢫦{打}麥脆□{囟～：囟門}[6]罵
t	[1]爹{父親}□{～反□tsoŋ45：穿反}[2]茶[3]打答搭□{追}□{别～：别處}[6]踏
tʰ	[1]他[3]塔榻[5]□{差、沒用}
n	[1]哪{1}[2]□{拃}□{解大小便}[5]□{拿；捉、本書中寫作「拿」}□{～仔：辮子}□{□ɬoŋ44～：喇叭}[0]呢
l	[1]拉[2]□{爬～：爬}□{□□teiŋ52 kie42～□ɬua213：怎麼辦}[3]辣[5]臘蠟鑞獵粒
ts	[1]楂渣查{～夜}[3]劄扎{硬～：身體結實}□{捲袖子}[5]炸{～彈}榨{2，～菜}詐做閘鍘
tsʰ	[1]叉权差{～不多}岔□{用手卡人}[3]插察冊[5]䖳{海蛰皮}
ɬ	[1]痧□{𣍐～得：捨不得}[3]沙{2，聲～}[5]煠{用水煮}[6]老{2，～媽：妻子}
k	[1]家加嘉枷豭{～豨：公猪}佳□{赤～□li213：裸體}[9]假{真～}假{放～}□{凹}[3]蛤夹{3，～仔：一種挑柴火用的農具}裌狭{讀字}甲隔覺{～悟}[5]贾架駕稼價
kʰ	[3]客
ŋ	[2]牙芽衙[3]雅[5]嶽岳{～飛}樂{2，～}[6]砑{硌；～藥：研藥}
h	[2]蝦{何加切}瑕霞[9]夏{立～}厦{～门}[3]峡{下～：地名}匣學{2，～堂：學校}[5]下{樓～}嫁{～人：再婚}下{2，～車}[6]下{1，放；動量詞}□{～□lo42：舒服}□{□mo42～仔：壁虎}
∅	[1]阿{3}椏[3]啞押壓軛□{～□kio213：白果}[5]亞
#ia	
p	[3]壁
t	[3]摘[5]榨{1，～油}□{擠}[6]糴
tʰ	[3]拆坼{開～：開裂}剔{～骨：把肉從骨頭上刮下来}[6]宅
n	[5]箬{1，葉子}[3]□{鞋～：拖鞋}[5]□{一种圆形竹器，曬東西用}
ɬ	[3]寫削{動詞}[5]社{2，讀字。如，遷夏～}瀉赦舍[6]社{1，公～}謝□{老～：喜鵲}
tɕ	[1]遮{～被：盖被子}[2]者□{一下，「蜀下」的合音}[9]邪斜[3]姐{阿～：伯母}跡脊隻[5]藉蔗籍{讀字}[6]葉{姓}雀{1，～鳥：麻雀}□{用背馱}
tɕʰ	[1]車{騎～：扭轉}賖[3]且刺{七切}□{～鞋底：納鞋底}赤{～散：赤腳}[6]勺□{面～：硯盤}灯[2]□{现在}[5]挟{胡頰切，用筷子夹}
kʰ	[1]□{椏}[6]□{躺}
h	[2]□{～puaiŋ44來：剛來}[3]□{這}
∅	[9]蛇{2，讀字}耶也麝亦[3]野[5]野{～豨：野豬}射{食亦切}疫役{衙～}□{～手：招手}□{～□tu45：蝴蝶}[6]夜
#ua	
p	[9]□{量詞，用於山}[3]缽撥[5]簸{動詞}
pʰ	[3]潑[5]破{1}鈸
m	[2]磨{動詞}麻{1，植物}[3]抹[5]末{麵兒}沫襪
t	[9]達[5]多{1，幾～}戴{2，姓}带[6]大
tʰ	[1]拖[2]忒{太}[3]脫{1，～窠：脱臼}□{麻風病}[5]太泰
ts	[1]災抓{2}[9]才{奴～仔}材財[5]再□{蟑螂}
tsʰ	[3]擦□{理睬}
ɬ	[1]沙：[3]撒殺{□□□teiŋ52 kie42 la44～：怎麼辦}
l	[6]瀨{河流的淺灘}□{蟲～：蟲子}
k	[1]瓜[9]槐[3]寡割{2}葛括刮□{～tsui52：洋鎬}[5]過{古禾切，菜老}掛卦芥怪
kʰ	[1]垮[3]闊{寛}
ŋ	[5]我
h	[1]花□{臭尿～：小便的氣味}[3]划{～船}海法活{2，生～}猾□{那}[5]化□{～食：乞丐}[6]亥害壤話{2，笑～}乏伐
∅	[1]挖[9]荷{1，芋～箬：芋頭的葉子}華{中～}割{1，～肉}□{無□nau45～：非常疲劳}□{無□lau45渠～：打不過他}[3]倚{靠}[5]瓦活{1，快～：高興}劃{筆劃}畫{胡麥切}[6]話{1，說}
#œ	
p	[3]北[6]萄{蘿～}
pʰ	[3]迫{2，壓～}魄
m	[5]墨
t	[9]戴{1，動詞}□{在}□{□o213～：牢固}[3]得{～罪；助詞，做助詞時常讀作lœ213、lœ44或lœ0}德□{水果成熟}[6]直
n	[5]□{踩}
l	[2]来{1}□{～是：如果}[9]勒{彌～}□{魚的黏液}□{～笠：斗笠}[3]劣
ts	[1]栽[3]籽{果子的子兒}[5]载{讀字。如，～治亂。口語中不用此字}□{塞，動詞}
tsʰ	[1]搓{擦、搓}[5]菜喙{2，～须：鬍子，本書中寫作「喙」}[6]賊
ɬ	[2]狸{1，貓～：野猫}[3]使{2，～得：可以}塞色[6]李{1，～仔}□{杉～：杉樹的葉子}
kʰ	[3]刻克{1，～服}尅
h	[3]黑核{審～}
∅	[1]□{扔}□{～□hy21：骯髒}
#e	
p	[3]伯{□i213～：内兄}[5]閉{1，～氣：患氣管炎}
m	[2]眉楣□{眼睛睜不開}[3]默□{半～：半鲍滿的稻毂}□{嫩～仔：夭折}[5]密□{□he42～：什麼}
t	[5]□{～人塍：很深的田}[6]□{囝仔～：小孩兒，狗仔～：小狗}
tʰ	[3]特踢
n	[3]□{酒～：酒窝}[6]□{黏：蒼蠅沾物}
l	[5]栗
ts	[2]臍□{麥～梗：麥秸}[9]澤擇[3]節{2，指關節}则責[5]□{目～：眼淚}
tsʰ	[3]廁漆侧測策[5]□{ma42～：打喷嚏}
ɬ	[3]虱{3，木～：臭蟲}錫[5]□{3，～□me42：什麽}
k	[3]格革
kʰ	[3]克{2，撲～}□{～虱嫲：擠蝨子}
ŋ	[3]額{2，金～}[5]逆
h	[5]□{2，～□me42：什麽}
∅	[3]扼□{摁}[5]□{～鼻：鼻子堵}[6]□{大便}
#ie	
p	[3]□{老～：老人，一種罵人話}[9]□{～坼：地裂}[6]避別{1，～人}
pʰ	[1]批披{雨～}篇[3]别{2，特～}撇
m	[5]滅蔑□{～毛：拔毛}
t	[9]池{池塘}□{鲶魚}[3]誓{讀字}跌哲秩[5]渧{滴，動詞，量詞}牒蝶渫[6]弟{1，～仔：弟弟}地{大計切，骹～底：腳掌}
tʰ	[2]啼{哭}[3]帖{2}鐵□{～□lai21仔：黄鼠狼}[5]剃[6]□{面～：毛巾}□{量詞，塊}
n	[3]攝{諾叶切}[6]捏{讀字}
l	[2]籬{笊～}[3]例揖{讀字}列烈[5]裂舌{2}[6]離{力智切}
ɬ	[1]施[3]設[5]世势[6]逝涉翼{～□pʰi213：翅膀}
tɕ	[1]支枝{2，荔～}肢脂芝[2]匙[3]接妾折{折叠}浙節{3，～省}□{酒～：一種装酒用的罐子}[5]祭際制製捷
tɕʰ	[3]濕徹撤轍切{2，一～}[5]刺{植物的刺}[6]蠞{一種海蟹}
k	[1]□{～kie42做：這麽做，～貴：這麽貴}[2]腐{1，～手：手有殘廢}[9]傑結{2，～喙：口吃}[3]孑劫結{1，～合}潔□{雨個小孩打架}[5]個{1，的。常讀作輕聲}計□{□teiŋ52～：怎麽}[6]夹{1，夹在腋下，～仔：夹東西的器具}
kʰ	[3]缺[5]契
ŋ	[5]業□{陡}
h	[1]□{撒嬌}[3]脅協血{2，讀字}[5]□{1，～□me42：什麼}[6]穴{量詞，用於墳墓}
∅	[9]热[3]椅頁□{掰開：揭開}□{天～光了：天快亮了}[5]食{1，吃}[6]易{容易}
#ye	
tʰ	[3]獺
n	[2]□{揉}
l	[5]舌{1}
ɬ	[9]□{打尿戦}[3]髓薛雪說[5]税
tɕ	[3]紙□{徛楻～：架在稻桶上防止稻毂外揚的小竹席}[5]漈{小瀑布}[6]絕
tɕʰ	[1]吹[3]輟啜[6]□{～人：傳染，病～起來：病流行起来}
k	[1]□{～kie42做：那麼做}[9]機{1，□pu21～：織布機}□{粟～：簸東西用的簸箕}[3]蠛孑羯{～牯：閹過的公牛}决□{掀被子}□{～仔：一種除草用的農具}[5]徛{站立}寄饑{餓}[6]□{用肩扛}
kʰ	[1]開桸{～：木頭做的瓢}[3]訣[5]快{1}
ŋ	[2]鹅[5]蟻{1}月[6]艾{1，～heiŋ21：艾草}外魏
h	[3]歇[5]歲{1，幾～}
∅	[2]蛇{1}蜈曰[9]蕨[3]越{2，～南}粤悦閱[5]歲{2，幾～}飛{1，跌倒}越{1，～行～□to42：越走越遠}穢{草}
#o	
p	[1]波坡褒[2]婆{1，外～}□{□pi44～：蝙蝠}[9]婆{2，大～：祖母}補{1}保堡[3]寶博{换}剝駁[5]薄{～荷}布報薄{形容詞}[6]播包{2，～：玉米}泊箔縛{捆}
pʰ	[1]□{溢}□{～仔：炒米}[3]拍{拂}粕{糟粕}僕樸{～素}撲[5]破□{2，蚊子咬成的疙瘩腫起來}[6]曝{曬}□{泡沫}
m	[2]毛無{沒有，無，本書中寫作「無」}[9]魔[3]膜莫[5]摸{～脈：號脈}□{～□ha45仔：壁虎}[6]磨{～石：石磨}墓帽
t	[1]多{2}刀□{ma42蜀□ma44～：打一巴掌}[9]駝馱{拿}陀{彌～杖：拐杖}舵朵{耳～}桃{2，核～}萄□{量詞，用於橋}[3]惰{讀字}島倒{ma42～：打到}搗奪{讀字}桌卓琢[5]到倒{～茶}□{遠}□{～□kai42褲：開襠褲}[6]□{雞啄物}
tʰ	[1]妥[2]桃{1}[3]討託托[5]套
n	[2]□{揉}[9]挪[5]□{瞪眼}[6]□{工～人：經紀人}
l	[2]羅鑼蘿蘿{～葡}邏螺{2，～刀}囉牢{1}癆流{1，～□luaiŋ42：流口水}□{汗～仔：汗衫}[9]蘿{2，包～：玉米}[3]老{3，～師}佬樂{娱～}樂{1，～隊}[5]賂老4{～烏：烏鸦}落烙駱洛絡□{～鑽：鑽，一種工具}□{～□tu52：陰溝}□{□ha45～：舒服}[6]□{尋找}□{大秤}[0]了{4，助詞}
ts	[2]槽[9]曹早[3]左佐棗作□{～水：截水}[5]灶
tsʰ	[1]臊{腥：葷}[3]草鈔{～票}戳{1，～汝奶：相當於「他媽的」的口頭禪}[5]錯糙[6]措撮{讀字}戳{2，～仔：圓章}
ɬ	[1]梭唆{囉～}[3]鎖索索朔{吮吸}縮[5]師{1，～父}獅{1，～子}潲{～水：泔水}[6]鐲
k	[1]歌哥高{2，～級}膏{2，牙～}篙羔糕□{抬頭}[2]□{～□loŋ44鼓：貨郎鼓}[9]夹{2，簟～：簟兩頭的竹竿}[3]個{2}果裹{2}鸽各閣擱胳郭廓桷{～仔：椽子}[5]過{～來}膏{1，～油：豬油}告
kʰ	[1]戈科窠{脫～：脫臼}快{2，～活：高興}□{～鴨：趕鴨}[2]起{2，～来常讀作輕聲}[3]可□{壓}確□{～水：排水}[5]課去
ŋ	[1]鍋{～仔：鋼精鍋}[2]熬[9]蛾俄鄂□{白喉}[6]餓臥鏊{平底鍋}□{烙}
h	[1]靴教{古肴切，～書}[2]豪{1，豪猪，單說}[9]河何稿{1，□nai44～：稻茬}[3]好{形容詞}合{1，～作}□{煎}[5]貨高{1，形容詞}[6]賀禍灝號{幾～}合{～算}鹤霍
∅	[1]荷{2，～花}荷{薄～}[3]襖鸭惡{形容詞}□{助動詞，會；乖}
#io	
p	[1]標[3]表錶
pʰ	[1]漂{～白}[2]薸{浮萍}[3]嫖[6]票
m	[2]苗描[3]秒[6]廟妙
t	[1]刁雕[2]條[9]朝{清～}潮跳{徒聊切，～骹tɕʰi213：用一條腿跳}□{路}[5]兆釣吊□{乾燥}[6]趙召調{～整}調{～動}著{碰～}
tʰ	[1]超挑{牙～：牙籤}[5]糶[6]跳{他吊切，～通去}
n	[1]朝{今～：今日}[2]饒{上～：地名}[3]鳥{2}[5]汝{1，你}箬{2，□paiŋ52～：包粽子用的竹葉}[6]尿
l	[3]略掠[6]料廖
ɬ	[1]消宵霄硝萧簫削{2，讀字}□{多瓜～：多瓜表皮上的白霜}[2]畲{下～：地名}[3]小{也指「細」}虱{1，～蟣：蟣子}粟{1，稻殼}□{拾}[5]銷{門～}少{數量小}笑鞘少{～年}[6]蓆
tɕ	[1]焦蕉椒昭招□{煮肉}□{飯～：飯勺}[3]借{資昔切}炙{～火：烤火}□{犁～：犁上最下部的長條形木頭}[5]醮照詔[6]石
tɕʰ	[1]燒[3]爵雀{2，～牌：麻将}鵲嚼{讀字}酌芍惜{1，好～：可爱}尺[5]戍{家，房子}
k	[2]茄枸{～杞}橋[9]□{撬}[3]繳屩{草～：草鞋}餃□{□a213～：白果}[5]渠{1，他}[6]轎藠{～頭}
kʰ	[9]腐{2，～骹：腐子}[3]腳卻[5]翹
∅	[1]妖邀腰□{和，跟}□{將，棋子之一}[2]搖窯姚{1}[9]□{砍}[3]舀若{2}弱虐約[5]藥[6]耀鷂{～：風筝}躍□{～尾：防火牆的頭}
#uo	
∅	[1]蝸[9]和{政～：地名}
#ə	
l	[0]了{3，助詞}
ts	[0]□{子尾，偶爾也讀作tɕiə0，本書中寫作「仔」}
#ai	
p	[1]□{烫～：烙鐵}□{～骨：肋骨，排骨}□{竹～仔：當手紙用的竹片；棕□ti45～：棕葉}[2]笆{1，～籬：籬笆}排{1，～隊}牌{1，翁婆～：牌位}擺[9]排{2，～長}牌{2，國～：麻将}[3]八{1}[5]拜敗[6]罷
pʰ	[5]派[3]□{屎窟～：屁股蛋}[6]稗
m	[2]□{ioŋ44～錘：蝌蚪，黄～仔：小青蛙}[9]□{面～：臉}[3]買[5]□{不會}□{2，□ɬai42～：什麼}[6]賣
t	[2]蹄[9]抵{1，遮擋}臺{2，戲～}[3]底{鞋～}[5]待贷代[6]逮{2，～後頭：向娘家報喪}
tʰ	[1]胎苔{2，舌～}[3]帖{1，量詞，用於藥}贴□{量詞，用於叠起来的纸}□{～本：虧本}[5]替[6]態叠
n	[1]哪{2}[2]泥□{～稿：稻茬}[3]乃奶{母親}[5]納[6]耐奈
l	[2]犁[9]来{2，將～}□{□tʰie213～仔：黄鼠狼}[3]□{舔，舐}[5]□{～喙：發誓}[6]賴□{～骹：腐子}□{□hu21仔：毛蟲}□{□luaiŋ42～：圍嘴兒}
ts	[1]哉齋{2，食～：吃素}笊{～籬}[2]時{1，～候}[9]寨□{多}□{～手：左手}[3]宰载{讀字，如，四百～}節{1，多～：多至}[5]在雜□{～□koŋ52：針線筐}□{～蜀堆：一起}[6]坐{2}座{2}齊{1，～公：廟祝}截□{2，擦}
tsʰ	[1]釵差{郵～}[3]采彩踩□{苦～：痛苦、可憐}[5]蔡
ɬ	[1]篩{～酒：米～}西□{□ti45～：趕牛用的竹鞭}[2]時{2，～候}[9]豺[3]洗使{1，～力：勤快}薩□{塞進}[5]赛{2}細{～心}□{捞}□4{～□mai42：什麽}
k	[1]該皆階街雞□{～蚤：跳蚤}□{～好：幸虧}□{～□ki52：麻煩}[9]鮭{鹹魚乾}[3]改解{～開}英[5]蓋介界疥届戒解{押送}□{繫、結}□{□to42～：開襠褲}
kʰ	[1]溪[3]凱楷[5]概{1，大～}□{～手：筷子}[6]概{2}溉慨械{2}
ŋ	[2]倪[9]顏[6]礙艾{2}
h	[9]鞋[9]{3}瞎][5]骸[6]械{1}蟹
∅	[1]哀埃{～及}挨□{～是：不是，本書中寫作「唔」}□{～二胡：拉二胡}[3]矮□{黄～：一種淡水魚有刺，較小}
#uai	
ts	[6]坐{1}座{1}□{1，擦}
kʰ	[5]塊創快{3，～樂}
h	[3]發{2，～财}血{1}[6]罰
∅	[9]懷{彭德～}淮
#oi	
p	[1]杯悲飛{2，鳥～}[2]赔[9]培陪[3]不{1}[5]壩具沛倍輩褙{裱糊}背{背誦}痱{熱～：痱子}勃渤[6]焙
pʰ	[1]坯[2]皮[5]配佩[6]被{被子}
m	[2]梅枚媒煤黴□{～薺：荸薺}□{□tuaiŋ42～：划拳}[3]每尾[6]妹昧
t	[1]堆[9]臺{1，燭～}[3]短[5]對碓隊兌{交换}[6]袋岱{寶～：地名}逮{1，□ta213得～：来得及}□{狗～：狗洞}
tʰ	[1]梯[2]□{凸}[3]腿脫{2，讀字}[5]退
n	[9]□{～□ku45：陰莖}□{四界～：到處}[6]内
l	[9]雷{2，姓}□{瀉}[3]儡壘□{松～：松球}[5]□{魚～：一種魚簍，較小}
ts	[9]裁[3]卒{棋子之一}[5]罪晬{小兒周歲}
tsʰ	[1]催崔炊[3]切{1，～菜}□{量詞，塊}[5]碎
ɬ	[1]衰{瘦}[2]螺雷{1}[3]屑{垃圾：鋸～：鋸末}刷蚌[5]賽帥
k	[1]□{嗉子：脰～仔：喉結}[9]懷{～身：懷孕}[3]餜骨國□{□hu21～花：杜鵑花}[5]髻滑
kʰ	[1]盔魁奎[2]□{□kʰauŋ44～：蜻蜓}[3]窟[5]□檜{秦～}繪愧
h	[1]恢灰{2}徽[2]□{陶瓷器}[9]回茴蛔□{掃進簸箕裡}[3]裹{1，～粽：包粽子}火毀或惑[5]賄悔{荒内切，～氣：後悔}晦[6]匯會{～計}會{開～}核{户骨切，～桃}佛
∅	[1]煨[2]禾{稻子}[5]愛{喜歡}[6]□{河流的曲處}
#uoi	
∅	[3]物勿
#ui	
p	[2]肥
pʰ	[5]屁□{從嘴裡吐出來}[6]□{量詞，用於土塊}
m	[3]□{嚼}
t	[1]追[9]捶{～桌}[6]墜{1，霜冰～：冰錐}□{布～仔：鈕襻}
tʰ	[2]槌錘[3]□{堵塞、填塞}
l	[9]蕊[3]累{積～}[6]累{疲劳}類淚
ts	[1]錐□{捅，刺}□{□kua213～：洋鎬}[9]醉[3]嘴[5]最[6]遂隧墜{2，讀字}
tsʰ	[3]黢{～烏：黢黑}出{1，～汗}[5]翠喙{嘴，本書中寫作「喙」}[6]秫{糯米}
ɬ	[1]雖[9]随隋誰[3]水戌□{量詞，用於歌曲}[5]歲{3，讀字}[6]說睡瑞
k	[1]閨規龜歸[9]跪軌[3]鬼□{手～：胳膊肘}[5]桂癸季貴[6]傀{～儡：傀儡戲}櫃掘{衢物切，挖}
kʰ	[1]虧□{～□ty44：虐待}[3]豨{猪}曲{1，～尺}□{繰邊}
ŋ	[9]危
h	[1]揮輝[9]沸{～湯：開水}[6]惠慧
∅	[1]威[2]圍[9]爲{行～}爲{2，介詞}維惟唯微違偉諱[3]委喂慰鬱[5]畏{腻}[6]衛僞爲{1，介詞}位味{2，～精}胃謂渭熨{紆物切，～斗}
#au	
p	[1]包{3，～：包裹}胞鲍[3]鲍[5]暴豹爆□{□lau45～：忘了}
pʰ	[9]袍跑匏{2，讀字}[5]炮泡{～茶}[6]撲{2，～克}
m	[9]茅□{瞎～：瞎子}[5]卯[6]冒貌
t	[9]逃陶濤[5]盗道
tʰ	[1]滔[6]稻{讀字}導
n	[9]鐃[3]腦惱[6]鬧{吵}□{無～□ua21：非常疲劳}
l	[2]捞[9]劳牢{2}癆{肺～病}[5]了{1，書～：下午，多～：多天，話～：說完}[6]了{2，有～：夠了}□{～□pau21：忘記}□{無～渠□ua21：打不過他}
ts	[1]遭[9]巢剿[3]爪找[5]躁罩[6]皂抓{1，抓癢}□{手～：手套}
tsʰ	[1]操澡抄[2]□{柴：木頭}[3]炒[5]造吵{開玩笑}耖
ɬ	[1]筲{飯～：装飯用的小草袋子}[5]哨
k	[1]交郊膠[3]稿{2}狡搞[5]鉸{剪}咬{下巧切}教{古孝切，～育}較窖{～楻欄：厕所}珓{～杯：一種問卜用的東西}叫{吠}
kʰ	[1]骹{脚}□{衰～：運氣不好}[3]考巧[5]烤靠
ŋ	[6]傲
h	[9]豪{2}壕毫[5]耗酵孝[6]浩效校{～封}校{學～}
∅	[3]拗[5]懊奥澳
#iau	
t	[1]掉
n	[9]堯
l	[9]燎遼療[3]了{5}
k	[1]驕嬌[9]喬僑
h	[3]曉
∅	[9]謠[5]韶要{～求}姚{2}紹邵要{重～}
#eu	
p	[1]包{1，～起來}[2]□{～□leu44萁：蕨}[5]□{～□leu42：野生的草莓}[6]齙{～牙}鉋{名詞；動詞}
pʰ	[3]否[6]泡{皮教切，起～}鰾
m	[2]貓[9]謀[3]某畝[6]牡{～丹}茂贸阜{曲～}
t	[1]□{～尿：把尿}[2]骰[9]投[3]斗{容量單位}抖[5]鬥[6]豆痘竇
tʰ	[1]偷[2]頭[3]敨{解開}[5]透□{從，介詞}[6]毒{用物毒殺}
n	[2]□{擰、掐}
l	[2]樓□{匏～：瓠子做的瓢}□{□peu44～萁：蕨}[9]□{掏}□{□keu21：掉，遺失}[3]窶[5]□{□peu42～：野生的草莓}[6]漏陋
ts	[1]糟鄒□{～料：作料}[2]□{均勻}□{～～：常常}[3]鳥{1}蚤走{2}[5]奏皺
tsʰ	[1]□{提褲子}[3]□{巢、窝}[5]湊臭
ɬ	[1]搜[9]愁[5]掃{～手：掃帚；動詞}瘦{～肉}[6]老{1，形容詞}
k	[1]勾鉤溝鬮{居侯切}[9]猴□{～□leu21：掉、遺失}[3]狗{2，讀字}苟垢[5]厚夠□{到}□{冰}[6]購
kʰ	[1]□{和，跟}□{脰～仔：一种项}[3]口[5]銬敲扣寇叩□{～門：敲門}□{酒～仔：酒提子}□{脰～仔：项鏈}
ŋ	[2]□{歪}[3]藕偶
h	[9]喉{2}[6]後{2，讀字}后{皇～}候{2}
∅	[1]凹歐甌嘔毆[3]□{大聲叫}
#iu	
p	[1]彪[6]□{～嘴：接吻}□{～□liu45鷥：鷺鷥，也指刨花}
m	[6]謬
t	[1]丢[2]綢[3]拄[5]紂晝{2}宙[6]住{1，記～}
tʰ	[1]抽餿[2]稠籌[3]丑{地支之一}[6]柱
n	[2]牛[3]紐扭□{結～：結痂}[6]□{掐}
l	[2]榴[9]流{2}劉留硫琉[3]柳[6]□{□piu45～鷥：鷺鷥，也指刨花}□{□kiu45～毛：捲髮}
ɬ	[1]修羞收[3]手首守[5]秀繡鏽獸[6]受壽授
tɕ	[1]珠{1，目～：眼睛；～仔：癤子}周舟州洲[3]酒[5]咒[6]就
tɕʰ	[1]鬚秋鰍[9]讐酬醜[3]取{1，贖回}□{～龍：求雨}[6]樹
k	[1]糾{～正}□{摳}[9]求球裘救[3]九久[5]灸究□{彎}[6]舅舊□{～□liu45毛：捲髮}
kʰ	[1]丘邱[6]臼咎售柩
h	[1]灰{1}韭{～仔：韭菜}休[3]朽
∅	[1]憂優悠幽[2]油[9]浮柔尤由郵游猶魷友[3]有[5]酉蓲{孵}又幼[6]誘右祐柚釉
#aŋ	
p	[1]邦白{2，～蟻}□{跨越}□{～□kyiŋ52：掛念}[9]棚{冬瓜～}龐[5]絆柄[6]病{1}
pʰ	[2]彭膨□{雞翻食物}[5]□{一種罐子}
m	[2]盲明{1，～年}冥{1，暗～：晚上}芒{2，麥芒}□{披}□{床～下：床底下}[9]盟冥{2，ɐtsaŋ21～：昨天}□{～去行行蜀下：随便走一走；～行～話：遵走邊說；～行～□to42：越走越速}[3]蜢
t	[1]擔{2，名詞}□{鼻～：鼻樑}□{犁～：犁上呈彎曲形的木頭}□{雙～仔：雙胞胎}[9]談痰□{～人：光線刺眼}[3]膽□{無～：醜}[5]耽擔{1，動詞}淡但
tʰ	[1]貪撐{～傘}□{伸}[3]毯坦躺[6]□{搭、架起}
n	[2]南男楠□{～～□42：蟬}[9]□{～起来：起床}[6]□{踮脚}□{□□teiŋ52 kie42～：怎麼樣}
l	[2]嵐藍林{1，樹～}[3]覽攬{擁抱}欖[5]□{意～：故意}[6]艦
ts	[2]晴[3]斬井[5]站{車～}靜
tsʰ	[1]参{～加}摻青{～菜：蔬菜}[9]□{～冥：昨天}[3]慘醒
ɬ	[1]三杉衫新{2，～鲜}虱{2，～：蝨子}相{2，～罵：吵架}生牲{頭～：畜牲}甥□{～□tsʰuiŋ42仔：手腕}□{芒～：蘆葦的穗}□{做～□□ma44 kʰu52：捉迷藏}[2]籃[3]省{～錢}□{茶～：茶葉}[5]□{～尾：屋簷}[6]□{雞～：雞槽}
k	[1]甘柑监{1，～房}更{三～}羹□{～蜢：蚱蜢}[9]哽[3]感橄减埂[5]監{2，～督}監{太～}鑒
kʰ	[1]堪勘刊坑[3]砍[6]抗
ŋ	[2]岩癌[9]研{～究}
h	[2]□{傅染；雞～：雞瘟}[9]含{2，～意}函涵{～洞：陰溝的進水口}咸{～豐}韓筧{水～}降{投～}桁{～條：檁子}衡[3]喊{叫}[5]經□{織布}□{禾～花：稻子開花}[6]憾
∅	[1]阿{～弟：弟弟}□{～人：咱們}□{～□naiŋ21：沒有，未，本書中寫作唔」}[2]暗{2，～冥：晚上}[5]□{再，還，{2，～人：咱們}[3]□{曬不到太陽的地方}
#iaŋ	
p	[2]平坪{平地}[3]餅[5]併摒{倒掉，如，～水：倒水。此字很少用，一般說“倒”}並
pʰ	[1]□{量詞，用於排状物品}[5]□{～命：拼命}
m	[2]名[6]命{1}
t	[9]呈程□{量詞，條}[3]鼎{1，鍋}長{1，～老：和尚}[5]爭{1}[6]鄭定{2，定下来；一～}
tʰ	[1]□{骹後～：腳後跟}聽□{長～：長衫}[6]定{1，～娘囝仔：訂婚}
n	[9]□{眨巴}
l	[2]連{2，連詞}晾靈{1，～戍：靈屋}[9]嚨{喉～}[5]領{脰～：子}嶺{坡}
ɬ	[1]聲[2]鳞□{～雞：呼雞}[5]性姓
tɕ	[1]精{1，好，漂亮}正{～月}[9]䭕{味淡}[5]正{形容}
tɕʰ	[3]鏟{2，火～}請
k	[1]驚{1，害怕}[2]今{3，～冥：今天晚上}□{～過：過}□{火□ti45～：萤火蟲}[9]行{1，走}[5]鏡
kʰ	[1]輕
ŋ	[5]额{～頭}
h	[1]兄{1，～弟哥：弟兄}
∅	[2]赢營{1，軍隊的編制單位}[9]成{1，八～；～痧：中暑}城{1，浦～：地名}[5]眏{～牛：放牛}[6]映□{～刀：閃電}
#uaŋ	
k	[5]□{桌椅的横條}
h	[1]方芳[2]橫[3]肪妨紡仿訪[6]範{模～}犯泛
∅	[9]凡填文聞[5]放{2，解～}望{希～}
#oŋ	
p	[1]枋{厚木板}[9]房馮[5]放{1，～炮仗}糞{～箕：挑東西用的簸箕}□{ma42～斗：翻跟頭}[6]飯□{量詞，朵}□{～□euŋ213蜞：蝸牛、蜒蚰}
pʰ	[1]蜂[2]蓬{帆}[9]捧[5]噴{～漆}碰[6]縫{名詞}
m	[2]們芒{1，～□ɬaŋ52：蘆葦的穗}□{～槌：棒槌}[9]蒙[3]懵蠓{～仔：蚊子}□{長骹～：蟢子}[5]網□{～薺：荸薺}[6]問夢□{～直：一直}□{肩～頭：肩膀}□{鼎～前：灶門}
t	[1]東冬中{1，～秋}[2]筒[9]同銅桐{2，～山：福鼎的舊稱}童瞳□{～霧：下霧}□{降～：跳神}[9]{3}僮懂[5]動凍棟洞[6]重{形容詞}
tʰ	[1]通□{乖；聰明}[2]桐{1，～油}蟲[3]桶統
n	[9]囊{2}農
l	[2]籠礱壟□{～塍：梯田}□{□ko44～鼓：貨郎鼓}□{～過去：遞過去，～出去：伸進袖子}[9]□{汆}[5]□{鬥牙～：豁牙子}[6]弄{勤詞}弄{□tio21～：胡同}
ts	[1]棕鬃宗□{揪}□{～蟻仔：螞蟻}[2]叢{量詞，用於白菜}[9]崇{～安：地名}[3]總[5]粽[6]□{穿衣}
tsʰ	[1]聰匆蔥囱
ɬ	[1]雙鬆{脆}春[2]聋□{～□na42：喇叭}[3]□{用力推}[5]送宋
k	[1]拳{1，～頭}光公蚣工功攻□{□tsai42～：針線筐}[9]狂[3]廣港梗{1，菜～}[5]貢赣{古送切}□{洞}□{噘嘴}□{～eiŋ52仔：疝氣}[6]□{和、跟}□{～本：合夥}
kʰ	[1]空{～氣}控[3]孔[5]空{～想}[6]壙{塚～：墓穴}況礦
h	[1]荒慌烘風楓瘋豐諷封峰鋒[2]轟楻{大木桶}[9]弘宏紅洪鴻□{蕃薯～：白薯窖}[3]晃哄[6]鳳奉俸□{菜～：菜心}
∅	[1]雍擁[2]楊{2，～源：地名}[5]甕蕹{～菜：空心菜}
#ioŋ	
t	[1]張丈{1，～人：岳父}[9]場長{直亮切，剩}□{□hi213～：知道}[3]長{2，縣～}[5]丈{2，～夫团：男孩兒}帳賬脹{不消化}□{底～：裡子}[6]匠丈{3，長度單位；姊～：姐姐的丈夫}
tʰ	[5]暢[6]仗杖
n	[1]娘{2，～囝仔：女孩兒}[2]娘{1}[6]壤嚷讓□{要}
l	[2]涼量{～布}糧梁粱輛□{量詞，用於桌子}[9]良[3]兩{2，數詞，讀字}[5]兩{幾～}[6]亮諒量{質～}
ɬ	[1]相{3，～當}箱廂湘鑲商傷[3]想賞[5]相{～貌：宰～；～馬：屬馬}[6]象像橡尚上{2，讀字，如，居～世}
tɕ	[1]將{～來}漿章樟漳障□{～病：殘廢}[2]牆裳[9]詳祥[3]償蔣獎掌[5]瘍醬将{棋子之一}瘴{老鼠～：鼠疫}[6]上{1，樓～}
tɕʰ	[1]槍昌菖[3]搶廠[5]唱倡
k	[1]僵薑姜[9]強{形容詞}強{勉～}
kʰ	[1]疆腔[6]□{～仔樹：烏桕樹}
ŋ	[3]仰
h	[1]香鄉[3]享響[5]向
∅	[1]央殃[2]羊洋{大平原}烊{融化}楊{1，姓：～梅}陽□{～mai44錘：蝌蚪}[9]常嘗揚[3]餐[5]上{動詞}[6]樣
#uoŋ	
∅	[2]黄簧王{發～狗：瘋狗}[9]皇隍逢縫{～紉機}□{唔～話事：不言語}[3]枉往影{1}[6]汪旺
#aiŋ	
p	[1]扮班斑{2}頒冰□{～箬：包粽子用的竹葉}[9]反{□{1，□ta52～□tsoŋ45：穿反}瓶[3]扳板版□{拔，拉}[5]斑{1，～面mai21：麻子}[6]瓣{2}辦
pʰ	[1]盼烹[6]瓣{1}
m	[1]慢{2，～□ɬi45仔：慢慢兒地，小心}明{2，～朝：明天}[2]饅蠻猛[6]慢{1}漫幔孟
t	[1]釘{名詞}疗汀□{蘸}□{趼子}[2]填[9]甜藤{2，～蘿：絲瓜}亭[3]點{～火}等{2，頭～}戥顶{1}[5]店釘{動詞}訂[6]簟殿佃墊鄧□{□tʰu213：蜥蜴}
tʰ	[1]蟶廳[5]探
n	[9]□{唔～：沒有，未}[5]□{乳汁}[6]念
l	[2]蓮薐零鈴□{鞭痕}[3]冷[5]□{壊}
ts	[1]臻榛曾{姓}爭{2}箏[9]蠶殘[3]盞剪[5]簪□{粥稀：水清}[6]鏨棧□{外～：外面}
tsʰ	[1]千□{呻吟：～氣：嘆氣}[2]塍{田，本書中寫作「塍」}
ɬ	[1]森参{人～}先{1，副洞}生{2，花～}牲{2}笙星[2]□{一種樹，可榨油}[3]糝{飯～：飯粒}省{福建～；反～}[5]信{1，相～}
k	[1]趕{2}艱間{時～}奸屑跟庚耕[3]束揀{挑選}梗{2，桔～}耿[5]更{副}[6]幹{～部}
kʰ	[1]牽[3]犬□{～頭：點頭}[5]□{～～：剛}
ŋ	[3]眼碾[6]岸雁硬
h	[1]亨[2]舷{邊～：旁邊}[9]嫌{2，氣～：嫌棄}閑行{2，～}行{品～}□{～飯：上一顿剩下的飯}[3]很狠{乾脆}[5]□{～雨：雨停}[6]限竟恨杏幸
∅	[1]胭{～脂}恩鶯□{3，～□nioŋ45：不要本書中寫作「唔」}[5]阿{2，～娘客：女人}[6]□{摁}
#uaiŋ	
p	[1]般搬[2]儷{1，盤子}□{□hia44～来：剛來}[9]盤{2，～底：盤货}[3]阪{角～：地名}□{大片的田園；溪～：河灘}[5]盤{3，～纏}半[6]拌
pʰ	[1]攀潘[5]判叛[6]件胖
m	[2]瞞鰻[3]滿
t	[1]丹端[9]檀壇彈{～琴}團□{～身：流產}[5]單{～數}誕旦彈{子～}□{猜}[6]鍛段
tʰ	[1]灘攤[3]疸{黄～}[5]炭歎
n	[2]攤{形容詞}[6]難{避～}
l	[2]蘭攔{2，～住}欄[9]鸞[3]懶{2}[5]□{口水}[6]爛亂{2}
tsʰ	[1]餐[3]喘[6]燦篡
ɬ	[1]山[3]傘產[5]散{驚風～：藥名}散{鞋带～}算
k	[1]干{天～}竿官棺觀{参～}冠{～軍}關[9]寒汗[3]稈趕{1}管{2，～理}館[5]灌{3}[6]貫慣{2，習～}□{乖；聰明}
kʰ	[1]寬[3]款
h	[1]肝歡翻番蕃[2]鼾[3]反{2，～對}[5]漢贩[6]唤患
∅	[1]安鞍□{骹～：腳心}[2]彎灣[9]焊桓頑還{2，～願}環煩繁萬恒[3]緩碗挽援阮[5]早案按[6]换{2}焕玩幻
#eiŋ	
p	[1]彬賓檳斌兵[9]便{～宜}扁{2，～食：餛飩}貧频憑平{2，延～：地名}評屏蘋[3]稟匾丙炳秉[5]殯[6]□{量詞，用於旗}
pʰ	[3]品[5]聘
m	[2]眠{2，發～夢：做夢}明{3，清～}[9]眠{3，～□tɕʰi213：睡}民萌鳴明4{～確}[3]閩敏皿銘[6]悶{2}命{2，～令}
t	[1]砧珍診疹貞偵丁□{～□kie42：怎麽}[2]陳塵澄{～源：地名}[9]第沉□{～雷：打雷}停廷庭艇□{～戍：回家}[3]頂{2}鼎{2}[5]鎭錠定{3}[6]點{2，～心}陣
tʰ	[3]逞[5]趁{赚}聽{他定切～服}
n	[2]壬人寧{1，～德：地名}[9]寧{3，～寧：地名}[3]忍[5]耳{1，～朵}[6]認
l	[2]林{2，姓}□{水～：蛙的一種，生於山澗裡，黑色}□{～□li42：穿山甲}[9]淋臨鄰磷麟{麒～坑：地名}臣{1，君～藥：中藥}陵凌菱寧{2，建～府}靈{2，菩薩靈驗，～堂}[5]□{牛身上像駝峰的東西}[6]令另□{再～來：再来}
ts	[1]侵針斟津盡{2，很}真蒸精{2}晶征□{烏～：羽蟻}□{筆～：筆帽}[9]尋{2}秦情漸淨[3]枕展振震整[5]浸進晉甑證症政[6]盡{1，很：～量}
tsʰ	[1]深親{～戚}稱{2，～呼}清[9]臣{2}承丞成{2}誠[5]襯稱{用秤稱}秤凊{～水：涼水}[6]睛靖
ɬ	[1]心辛新{1，～舊}薪身申伸{2}升{容量位}昇[3]陕{～西}沈審嬸[5]信{2，寫～}囟{～ma42：囟門}城{2，～底：城裡}[6]甚腎慎讯迅勝{～利}盛{興～}聖
k	[1]今{1，～朝：今天}金君{1，～臣藥：中藥}京荆鲸經{2，～濟}[9]鹹琴禽擒吟{讀字}芹建{2，～寧府}瓊[3]錦緊僅謹驚{2，～蟄}景警[5]禁{～止}敬[6]莖境竟競頸勁徑□{忌口}□{冰～：冰凉}
kʰ	[1]卿[2]擎{給；被；提；揭下}[3]墾傾[5]慶[6]磬□{額頭突出}
h	[1]興{紹～}[2]眩{豨嫲～：癲癇}[9]姨指{2，手～ki45仔：小拇指}淫寅盈赢籝形型刑邢□{艾～：艾草}[5]□{肫}□{～□ni45：什麼}[6]欣興{喜歡，高興}
∅	[1]音陰煙{於真切，冒煙；食～酒：抽煙}因姻鸚樱英婴纓縈{～線：繞線}□{□koŋ42～仔：疝氣}[2]□{泅}[5]印應{～該}[6]鹰
#iŋ	
p	[1]鞭邊[9]扁{1}[5]辨辯辮{～□na42仔：梳辮子}變[6]便{～利：方便}
pʰ	[5]騙片[6]編{讀字}偏□{蓋子}
m	[2]棉棉眠{1，發～夢：做萝}[3]免勉娩[6]面{臉}麵□{病～□tɕy42：近視眼}
t	[1]颠癫[2]纏{1，～線}[9]纏{2，盤～}[3]典奠[5]電
tʰ	[1]添天□{～蛛：蜘蛛}[3]筅{～把：筅帚}42]□{雞翻食物}□{魚～卵：魚產卵}
n	[2]添年□[9]□{便秘}[3]染[5]□{捏}
l	[2]镰簾臁{骹腹～：脛骨}連{3}聯□{畦}[9]廉憐{可～}[3]臉[6]練煉鏈
ɬ	[1]仙鲜{新～}先{2}腥[2]尋{2，庹}[5]扇{～仔}[6]善膳羨
tɕ	[1]櫼{楔子、塞子}瞻詹煎[2]錢[9]漸濺[5]尖佔箭戰薦{2，屋斜使正}[6]賤
tɕʰ	[1]殲簽籤遷箋[2]前[3]淺踐{實～}鲜{1，少}
k	[1]兼坚[2]今{2，～年}[9]乾{～坤}[3]檢儉[5]劍見□{□iŋ21～：像}[6]件
kʰ	[2]鉗[5]欠歉
ŋ	[9]嚴迎[6]驗諺硯
h	[2]還{1，動詞}[3]險顯[6]现□{字跡清楚}
∅	[1]炎閻{～王}煙{～囪}[2]鹽{名詞}[9]嫌{1，討人～}禪然燃延賢宴神辰晨仁□{～魚：甲魚}□{～頭：膝蓋}□{～□kiŋ42：相像}[3]飲{2，～料}引厴{螺～：螺螄頭上的圆蓋}演影{2，電～}[5]厭晏{讀字}燕{～}瘾乘{加减～除}剩[6]豔焰鹽{醃制}任{责～}紉仍扔孕
#uiŋ	
p	[1]分{1，～開}[9]盆[3]本{1}[5]□{～□luiŋ42：滚動}
t	[1]敦墩{2}驐{閹}[2]□{褲～：短褲}□{雞～仔：半大小的雞}[9]屯{外～：地名}[3]墩{2，橋～}盾[5]頓□{撞}□{暖和}[6]斷{拗～}緞
tʰ	[1]吞墩{1，門～}□{泥～：土塊較大}[5]褪{脫衣}[6]□{～菜：温陳菜}
n	[3]暖[6]嫩
l	[9]□{□kuiŋ21～：圆}[3]□{捲～：捲}[5]□{□puiŋ42～：滚動}[6]亂{1}論
ts	[1]遵遵[9]薦{1，稻草床垫}[5]贊鑽{名詞；動詞}
tsʰ	[1]村[3]忖{回憶}[5]寸□{□ɬaiŋ52～仔：手腕}
ɬ	[1]酸孫[3]損[5]蒜遜[6]卵{蛋}
k	[1]拳{2，～頭}[9]□{～□luiŋ21：圆}[3]管{1，简物}捲{1，～luiŋ213：捲}滚[5]{灌{2}强制地灌注：溺}棍
kʰ	[1]昆崑坤[3]懇捆[5]困
h	[1]昏{頭}婚分{2，～别}吩葷[9]魂{2，～}渾[3]䘆{□keuŋ21～：蚯蚓}紛粉[5]灌{1，～膿：化膿}[6]混憤奮份
∅	[1]溫瘟[2]魂{1，～魄}□{泥～：土塊，較小}[3]隱穩[6]韞
#yiŋ	
t	[9]傳{宜～}轉{～身}□{門～：門檻兒}[5]懶{1}[6]篆傳{自～}
tʰ	[3]鏟{1，～穢ye42：鋤草}癣[6]□{步～：台階}
n	[3]軟[6]韌{不脆}
l	[2]聯{縫，原文“連”}[6]戀
ɬ	[1]宣喧伸{1，～長：伸腰}[3]選鮮{2，朝～}[5]線[6]鱔
tɕ	[1]專磚[2]泉{1，礦～水}[9]全泉{2，龍～：地名}[6]旋{頭旋}
tɕʰ	[1]川[5]穿{尺絹切}串
k	[1]捐絹鵑根斤筋□{□paŋ52～：掛念}[9]權縣[3]囝{兒子}捲{2}[5]鍵建{～設}健慣{1，～骨：習慣}眷卷{考～}券□{提起：提梁}□{～杖：過去當官的人用的拐杖}[6]近□{椿}
kʰ	[1]圈[5]勸
ŋ	[2]元原源[9]言[6]願
h	[2]園{1，菜園}[9]弦懸[3]□{掀開；脫帽}[5]憲獻楦玄
∅	[1]冤淵[2]丸員緣沿鉛{～筆}袁園{2}□{蟲子爬行}[9]完船圆[3]䘼{手～：袖子}遠[5]怨[6]换{1}院□{雇}
#auŋ	
p	[1]幫[9]旁塝{坎子，墙}防□{～熱食：趁熱吃}[3]本{2}榜莽{王～}膀□{嬸～母：妯娌}[5]范{姓}[6]笨蚌□{木魚}□{嘴～：鳥的嘴}□{後～：後腦勺}
pʰ	[5]□{不實}
m	[9]忙芒{3，～種}亡忘
t	[1]當{～官}[2]腸□{擺動}□{鼎～：灶}□{煙～□kʰu213：灰塵}[9]堂棠螳唐塘長{形容詞}[3]黨漲{～心：中間}[5]當{典當}[6]盪{涮}
tʰ	[1]湯[2]糖[5]燙趟□{礤床}
n	[2]瓢{奴當切或女良切}[9]囊{1}□{鈸}
l	[2]攔{1，～身：圍裙}郎{2}廊[9]狼螂[3]朗[6]浪
ts	[1]贓莊装妆樁[2]蟾[9]存藏{勤詞}床{2，蒸籠}藏{西～}臟状{～元}[5]葬
tsʰ	[1]倉蒼艙瘡窗[2]床{1，床鋪}[3]創[5]闖
ɬ	[1]桑霜相{1，～幫}[2]郎{1，女婿}[3]磉爽[5]榫{～頭}喪{婚～}[6]兩{～隻}
k	[1]疳{～蟲：蛔蟲}剛綱江扛{抬}豇肛[3]敢講[5]罐棍{2}岡崗缸鋼杠降{～□toŋ21：跳神}□{～門：關門}□{豨～仔：半大小的豬}
kʰ	[1]康糠[2]□{～kʰoi44：蜻蜓}[5]磡{泥牆的根基}囥{藏}
h	[2]□{牙～：牙床}□{油～：油车。榨油時用的一種工具，也指油坊}[9]行{量詞}航杭絎笐{竹～：曬衣服用的竹竿}[6]紊{讀字}項
∅	[1]庵秧□{～龜：烏龜}[5]暗{1，天黑}
#euŋ	
p	[1]奔[9]朋[5]崩
m	[6]悶{1}燜
t	[1]登燈中{～國}忠[2]藤{1，蔓}[9]騰騰仲{杜～}重{～陽}□{底～：裡子}[3]等{1}塚{墳墓}[5]鈍凳中{～舉}
tʰ	[2]潭[3]寵□{～氣：哮喘}[6]□{顶上去}
n	[2]濃[9]能□{軟}[6]潤釀膿{奴宋切}
l	[2]輪龍[9]崙倫淪隆絨□{㔶～：蓋起來}
ts	[1]曾{2，～子}終鐘鍾盅[9]曾{1，～孫：重孫}曾{～經}層從{介詞}松{～樹}縱[3]準准種{名}腫[5]俊憎{得人～：討人嫌}眾種{芒～}[6]增赠
tsʰ	[1]春充沖[3]蠢[5]銃□{～茶：衡開水}
ɬ	[1]僧[9]荀旬循巡脣純殉閏[3]筍[5]舜□{擤}[6]順誦頌訟
k	[1]巾均鈞君{2}軍弓躬宫恭供{～電}[2]裙窮[9]含{1，在嘴裡含}㔶{2，～□leuŋ21：蓋起來}勤群郡□{1，～䘆：蚯蚓}[3]㔶{1，蓋子}拱[5]供{小45]共
kʰ	[1]菌{細～}[3]肯恐[5]熏{呼運切，～蠓仔：熏蚊子}
ŋ	[2]銀
h	[1]兄{2}胸凶兇[2]痕[9]勻云雲耘{除草}榮營{2}瑩螢雄融茸容蓉庸[5]勳訓熏{于運切，2}]薰熊□{虹}[6]韻運詠
∅	[1]翁{爺爺}□{2，不，本書中寫作「唔」}[3]飲{1，米湯}允永泳勇湧□{□poŋ45～蜞：蝸牛、蜒蚰}[5]應{應答}□{澆}[6]用□{1，不，本書中寫作「唔」}
