#符号说明	-白=文?待考																									
#调值	［1］⁵⁵［2］²⁴［3］²¹［5］²¹³［6］³³																									
#ɿ																										
ts	［1］资撕{～破；～～扯扯：拉拉扯扯}［2］□{拟声词，吸溜面条的声音}［3］子梓{木～树}紫姊{表～妹：表姐妹}枳{～壳儿}																									
tsʰ	［1］□{拟声词，鞭炮引线点燃后发出的声音}［2］瓷［3］此																									
s	［1］丝思司私斯{～文}［2］祠{～堂}磁{～铁}□{（糯米蒸熟后）粘性大}［3］死使{告～：告诉}［5］四刺{鱼～；木～：皮肤里的刺儿；植物上的刺}［6］字牸{水～：母水牛；黄～：母黄牛}巳似自{～己}视{近～瞎儿：近视眼}																									
#i																										
p	［1］鞭边［2］□{没有，不存在}［3］扁匾蝙{～蝠儿}［5］变																									
pʰ	［1］偏篇［2］便{～宜}［5］骗片{一～书：一页书}［6］辫{～儿：辫子辩一嘴：强辩}便{方～}																									
m	［2］棉眠{～虫：形容爱睡觉的人}未?{～有：没有一般后接名词}［3］免□{～碎：用手指捻碎}［6］面																									
t	［1］□{～狗儿：小狗；～锄儿：栽菜用的小锄头}［3］点［5］店□{～təu˧一下：（心里）略噔一下}																									
tʰ	［1］天□{～一 tʰa˥ tʰa˥～～：走路鞋蹭地的声音}［2］甜田填［3］舔掭{～笔}［6］电殿垫簟{晒～：晒稻谷用的篾席}																									
n	［1］烟胭{～脂}［2］尼{～姑}黏镰盐檐严鲇连联延言年莲怜蜒{～蚰儿：蚰蜓}鲢{～蓬头：总称鲢鱼、鳙鱼}［3］染{～布}脸碾{～loŋ˨˦ 下：当地的一个碾坊}演蚁{白～}研{脚～儿：研药材的工具}厴{螺蛳～儿：踝骨}［5］腻厌□{花蔫}燕{～儿：燕子}［6］义艺殓验念{挂～}恋{～家}焰{火～儿：①燃烧时产生的火苗；②当地迷信认为，人身上有一种看不见的火，火焰高的人走夜路不会碰到鬼练}链{项～儿}砚{～眼：砚台}入日																									
ts	［1］尖煎{～子：煎鸡蛋}櫼{填充器物的空隙使其牢固的木橛、木片等}［2］□{动物等被捉住后发出的声音}［3］剪茧笕{～筒：水笕}［5］剑箭煎{～药}□{踮（脚）}																									
tsʰ	［1］签{竹～儿}迁千［2］钱前脐{肚～眼}［3］浅［5］□{招惹}［6］贱{～骨头}																									
s	［1］仙鲜先［2］□{痒～～儿：有点儿痒}［3］癣［5］线鏾{～鸡：①阉割公鸡；②阉割了的公鸡}																									
tɕ	［1］基机鸡支枝{一～山：一座山}知蜘栀肩坚箕{粪～}□{石～树}□{茅狼～：一种茅草}□{嘴～皮儿：嘴唇}□{山～水：山涧水}［2］渠{第三人称单数}□{～tse˨˦～tse˨˦～：指两人发生口角}［3］杞{枸～苗儿}己止址纸几茶展麂趼峙{～滩：地名}［5］记纪{年～}志至{夏～}痣制计季继系{～鞋带儿}智战建见占{～卦}执汁急级质吉□{扁担～儿：扁担两头固定绳子的钉子或短木棒}																									
tɕʰ	［1］欺痴{憨，木讷}牵［2］其期棋旗祠{～堂}迟奇骑池钳{老虎～儿}乾{乱搞～坤：形容胡来}［3］起齿耻启［5］气汽去契器□{～树：一种植物}［6］徛{站立}及件侄{～～郎laŋ˧：侄子}																									
ɕ	［1］稀希尸诗□{发～：一种游戏，北京话叫手心手背}□{～辣：形容很辣}［2］时匙{锁～}嫌贤□{抽～儿：抽屉}舷{床～下儿：床沿}［3］喜屎始险显［5］世戏玩耍扇湿［6］试市是氏誓{发～}势{有钱有～}十什{～锦菜}善现{～在；形容食物不新鲜}实□{开头发～：起先，开始}																									
∅	［1］衣依医［2］姨疑［3］以［5］意揖{打拱作～}一乙［6］易{容～；姓}																									
#u																										
p	［5］补［6］布{扯～：买布}																									
pʰ	［1］铺{～床}［2］蒲{莒～}菩{～萨}□{～篮儿：一种圆形或椭圆形竹器}□{～sɚ˥ 儿：荸荠}□{～记风：一种毒蛇}［3］谱{族～}普［5］铺{～板：搭床铺用的木板}［6］部簿{人情～儿：登记送礼人的姓名、礼金多少的簿子}步孵?{～小鸡}扑?{～火虫：灯蛾}伏{～倒睏：趴着睡}																									
m	［3］母{儿多～苦}□{tsai˨˩˧～：立即，马上}□{～一看：想想看}［2］模{发～：旧时进私垫启蒙}［6］墓{～门石：墓碑}木目穆□{～秧：插秧结束时把多余的秧成束插下去保存起来以便以后补苗}																									
f	［1］呼{～龙：下葬时说一些吉样话}夫{～子}□{～跑个：很快地跑}［2］湖=胡壶扶符和{（打麻将）和了}蝴{～蝶儿}［3］虎府腐{～竹}抚{～州}［5］戽付傅富副幅福蝠{蝙～}复［6］户互护父{～母}妇负斛{禾～：脱粒用具}伏={三～}服腐{豆～}																									
k	［1］姑［2］□{拟声词，～ləu˨˦一下闪了下腰}［3］古{翻～儿：讲故事}股{翻～儿：翻绳子，一种游戏}鼓估{～子儿：一种游戏，猜手里的小石子儿的数目}牯{水～：公水牛}□{发～：极其生气}［5］故顾雇谷																									
kʰ	［1］箍{打～：用竹篾捆紧圆形器具，是一种职业}枯{麻～：芝麻榨油后剩下的渣滓}［2］跍{蹲}葫{～芦儿}□{哮～loɚ：哮喘}［3］苦［5］库裤哭［6］□{～起～倒：形容菜做得不清爽或衣服穿得不利索}																									
∅	［1］乌［2］吴狐{～狸：黄鼠狼}无湖{洋～：地名}糊{糨～}［3］五伍午武舞坞{～里：指两山之间；～laŋ˨˦ 头：两山之间最深处；渡家～：地名}［5］屋恶{可～}［6］误雾戊核{害洋～子儿：得了腹股沟淋巴肿大}握{把～}□{被～：被子}																									
#y																										
tɕ	［1］猪诸{～葛亮}居车{～马炮}槠{苦～树}株{～树}朱珠追{～人：蜂叮人}苣{莴～}□{促～儿：螺蟀}［3］煮举主矩{规～}［5］据锯注句橘{金～}																									
tɕʰ	［1］区吹［2］鼠{老～}除褚{姓}殊{特～}捶{～背}锤{铁～儿}槌{芒～：洗衣服时捶打衣服的工具}葵{～花}□{打～：与肩齐高的木棍，挑担时放在另一肩膀上用来分担重量，中途歇息时可用来支撑扁担}［3］鼠{属～个}拄{～棍儿：拐杖}［5］处{～暑}出［6］苧住□{～钱：赚钱}箸{火～儿：火筷子}□{手～儿：胳膊肘}																									
ɕ	［1］书舒虚输{～赢}［2］薯［3］暑许水［5］税［6］竖树瑞																									
∅	［1］迂{形容想问题时与事情本身毫无关联，南辕北辙}［2］如鱼渔余围{～裙儿}蜈{～蚣虫}［3］女语雨［5］喂{～饭}熨{～贴：形容井井有条}［6］芋玉																									
#a																										
p	［1］爸□{～淡：味道很淡；～酸：形容咸菜的酸；～苦：味道很苦}［2］□{～脚：走路姿态不正，与常人不同}［3］摆［5］拜百柏佰																									
pʰ	［1］排{～日：每天}牌彭簰{木～}［5］魄拍［6］败白																									
m	［1］妈{姑婆～～：父之姑母}□{～开嘴：张嘴}□{～咸：很咸}［2］埋［3］买［5］妈{老～儿：老太婆}［6］卖迈{跨（过去）}孟{～姜女}麦脉妈{～～：祖母}																									
f	［5］□{～手～脚：形容走路时甩手甩脚，晃手晃脚}																									
t	［1］□{滴滴～～：雨滴声}［3］打{有～：会武术}［5］戴带																									
tʰ	［1］□{tʰi˥ tʰi˥～～：走路鞋蹭地的声音}［2］□{～动一下：临时挪借一下钱给某人}［3］□{～下儿～下儿：形容一种走路姿势}［5］态太泰［6］大{～小；～黄：中药名}待{～客}																									
n	［1］□{～短：很短；～miau˨˩˧ 小：形容很细；～狭：很窄；～薄：很薄；～浅：很浅；～矮：很矮；～低：形容很低}［2］□{～儿：乳房，乳汁}良凉量粮梁［3］两［6］量{饭～}																									
l	［5］□{～尿：尿床}［6］奈{～何我不得}赖癞喇{～叭儿花}																									
ts	［1］灾将浆{～衣裳：用米汤浆衣服}［3］宰{～相}将蒋桨奖［5］酱糨{～糊}																									
tsʰ	［1］枪［2］墙［3］抢［5］鹊{丫～儿：喜鹊}［6］像匠嚼{乱～：胡说}																									
s	［1］箱湘{～湖：地名}厢□{一～地：一大块地}［2］祥详［3］洒想［5］赛帅相{～貌儿}削［6］象橡{～皮}																									
k	［1］阶街更{半时年都不打一～：比喻长时间没有动静}庚耕［2］戆?{～木：形容反应迟钝}□{～～：儿语称呼鸡蛋}［3］解哽{～倒：噎住}［5］介界芥戒隔革解{～匠：以锯木料为职业的人}																									
kʰ	［1］坑{小溪流}［3］卡{鱼刺卡住喉咙}［5］客																									
ŋ	［1］挨{～到：挨着}樱{～桃}［2］矮［5］外{～后日：大后天}轭{牛～}［6］艾外{～公}硬																									
x	［1］□{～ɕi˥ ɚ˨˩ ma˥：粗心大意，稀里马虎}［2］行{～时：走运}孩{屎～片：褯子}桁{～条：檩}［5］吓［6］解{姓}幸{～运}																									
#ia																										
n	［1］央秧［2］娘{～老子：父母}瓤羊洋烊{～雪：雪融化}扬杨阳［3］痒养仰{撑～船儿：仰泳}［6］让																									
tɕ	［1］斋{吃～}张装章樟獐疆姜争踭{后～：鞋后跟}□{恰～儿：刚才}［3］长掌□{～mau˥ 儿：蝗虫}［5］债□{脾气犟}仗帐账胀{～到：吃撑}斫着{～衣裳：穿衣裳}脚摘责炙{～火：烤火}矺{鬼～倒：梦魇；～岁钱：压岁钱}																									
tɕʰ	［1］差{当～}昌菖{～蒲}撑腔{南～北调}［2］长肠场{一～雨；教～：地名}强橙{～儿：橙子}［3］厂□{～水：踩水，一种游泳姿势}［5］唱坼{裂缝}策册{点名～}撐{～碓：睡觉时平躺着把脚弓起来顶起被子}［6］丈杖着{睏～：睡着；～气：生气}泽																									
ɕ	［1］筛{米～}商伤香乡生牲甥丧{送～}［2］豺{～狗}柴常尝裳{衣～}［3］赏响享省［5］晒向䅴{禾～儿：稻穗；《集韵》陌韵色窄切：“禾穗”}［6］上																									
∅	［5］约{大～儿}［6］弱{loŋ˨˩˧～：小孩身体虚弱}药																									
#ua																										
ʂ	［6］□{～人：外人}																									
k	［1］乖［2］□{～软：形容人精神不好，疲软；～浑：形容（水）很浑}［3］拐{～子：瘸子}［5］怪刮{～风}																									
kʰ	［5］块快筷会{～计}																									
x	［1］□{～～儿响：动物跑动带动身边植物发出的声音}［2］槐衡{平～}［6］坏={好～}画{动词}划{笔～}																									
∅	［1］歪［2］怀横{一～}［6］外{～甥}坏{～了}																									
#o																										
p	［1］波菠玻{～璃}巴{～结}芭{～蕉}疤班扳{～笋儿：掰小竹笋；猫儿～ti⁰ 甑——害得狗一肚饱}斑{竹节～：银环蛇}□{～设法儿：捣鬼，搞小动作}［3］把板［5］笆{篱～}霸壩{塘～：池塘的堤}扮绊八□{～子：口吃的人}																									
pʰ	［2］婆爬扒{耳屎～儿}钯{铁～}［5］破怕［6］耙稗{～草}办拔																									
m	［1］摸［2］馍{～～：馒头}磨{动词}麻蛮母?{狗～：母狗}［3］马码{～头}蚂{～蚁儿}［6］骂慢{茉～莉花}																									
f	［1］翻［2］帆烦樊［3］反［5］法{变～：变魔术}贩发［6］范犯饭罚																									
t	［1］多耽单丹□{被，给，把}［3］朵躲胆［5］剁担{挑～儿}答搭□{跌}旦{花～}																									
tʰ	［1］拖贪滩摊［2］驼{～背佬儿：驼子}驮{～脉：把脉；～骂：挨骂；～起来：拿起来}谭谈弹{～棉花}檀{～木}佗{华～庙}砣{秤～}［3］毯坦{～儿：两山之间的平地}［5］炭踏塔遢{邋～：肮脏}荙{～菜：莙荙菜}［6］杳{一～纸}淡坦{～儿：房子门前的平地}弹{～子儿：小孩玩的玻璃球}□{～被：床单}																									
n	［2］南蓝篮难兰拦栏［3］懒［6］难烂糯																									
l	［2］罗锣箩螺{～蛳儿}□{～楂儿：野生山楂}［5］邋{～遢：肮脏}［6］蜡腊捺辣瘌{～痢子：瘌痢头}																									
ts	［3］左［5］做{～电影儿：放电影；～戏：演戏}																									
tsʰ	［1］搓参{～加}餐［2］残［5］锉莝{一～：一截儿}错擦［6］坐座杂昨{～日}																									
s	［1］蓑{～衣}梭三［2］□{人品次}［3］锁散伞{戴～：打伞}［5］散撒{～肥}																									
ʈʂ	［1］渣{猪油～}□{～额：前额空出；～毛儿：刘海儿}□{～螺蛳儿：用手指关节敲栗暴}［3］斩盏{灯～}□{～痒：挠痒}［5］榨{油～：油坊}诈炸{～弹}扎铡{～刀：药铺切中药用的器具}［6］煠{～油条}□{帽～儿：帽檐}□{鸡～米：鸡啄米}□{磨砻～：推动大型石磨的工具}□{洋～：洋镐}																									
ʈʂʰ	［1］叉{～士儿：上士，象棋术语}差搀{雨～雪：雨夹雪}［2］茶涎?{口～：睡沫}搽查［3］铲{洋～}［5］岔{分～路}插察□{水～：水獭}［6］□{～tʰo˧ 碗：一种碗，比当地蓝边碗略小}																									
ʂ	［1］沙纱鳃{鱼～}杉衫{～袖：衣袖}山痧{钳～：用手指关节掐捏脊背，治疗中暑}［2］涎?{流～：流涎}［3］产{做～妇：坐月子}［5］杀煞{退～：请木匠等驱邪}［6］□{汆}□{～饭：用剩饭煮的稀饭}																									
k	［1］家加嘉瓜间艰奸{偷～：做事偷懒}关枷{日头驮～：日晕}［2］□{～～：跟小孩儿说话时称呼果品点心等}［3］果裹{～粽儿：包粽子}馃{～子：点心}假{真～；放～}寡减简拣［5］过{传染，～麻儿：得了麻疹}架驾价嫁挂卦{占～}䀹{～眼：眨眼}夹甲挟{～菜}□{毛毛～儿：婴儿}□{～骚气儿：狐臭}																									
kʰ	［1］棵科窠{鸡～；猪～；鸟～}抲{用手捕捉}□{清～：（头脑）清楚}［2］□{跨}［3］舰{军～}㦿{～儿：窗户}［5］课恰{～定：刚好；刚刚}□{～秧虱儿：拔秧田的稗草}□{～窠：猪叼草整理自己的窝口}□{用指甲掐；节俭}［6］嵌{～牙齿：镶牙；～肚儿：孕穗；～锅：灶上换新锅}虾{～蟆：青蛙}																									
ŋ	［1］丫{～头：丫鬟}弯湾豌{～豆}□{pau˨˩˧～儿：台阶}［2］牙衙颜还{～愿}环{耳～儿}完{～工}伢{私～儿：私生子}□{胁～下：胳肢窝}［3］雅哑{～巴子}瓦眼晚{～辈}鲩{青～：青鱼}［5］亚{～洲}压押晏{迟}□{量词，块，瓣：一～橘子；一～大蒜子儿}［6］雁万																									
x	［1］虾花［2］和霞华划{～水}咸闲{有～：有空}还{～有}［3］火伙□{把粮食放在簸箕里上下簸动去糠皮的动作}［5］货化瞎□{狗～：狗吠}［6］祸下夏厦狭窄馅{～儿}苋画{名词}																									
∅	［3］我［2］□{语气词，表示出乎意料}																									
#uo																										
∅	［1］阿{～胶}锅屙{～血：得痔疮}莴{～苣}［2］禾［5］穵{～笋儿：挖大竹笋}［6］话{～事}袜{水～：袜子}																									
#e																										
p	［1］杯［5］背{手～}辈贝{宝～}拨钵{一～菜}																									
pʰ	［1］坯{身材}［2］陪赔培{茶～：地名}裴{姓}［3］□{在乱七八糟的杂物中寻找}［5］配［6］倍背{～书}垡{～头脑儿：耕翻的土块}																									
m	［2］梅枚{一～针；一～角：一个铜钱}煤媒霉{发～}［6］妹末{老～：排行最小}																									
f	［1］灰［2］回茴［3］悔［6］汇会={开～}																									
t	［1］堆［3］□{～下来：趸下来，包圆儿}［5］对碓队掇																									
tʰ	［1］胎推［2］台［3］腿［5］退蜕{～皮}脱褪{～色}［6］贷代袋夺																									
l	［2］来雷［3］□{妇人家～一～，抵不到男人一条腿：形容女人做事，再怎么努力也赶不上男人}［6］内累捋垃{～圾儿：垃圾}																									
ts	［1］□{猪脚～儿：猪蹄靠前有脚指甲的部分}［3］最［5］再撮{一～}																									
tsʰ	［1］猜催崔［2］才材财裁［3］彩［5］菜蔡撮{～箕：盛粮食的簸箕}［6］在罪□{一～雨：一阵雨}																									
s	［1］□{悄悄地塞（进去）}［5］碎																									
x	［2］河何{～个：哪个}荷［3］海［6］贺亥害{顽皮}合{～伙}盒																									
#ie																										
p	［5］鳖{女阴；辣毒～儿：一种毒蛇}																									
pʰ	［3］□{崴脚}［5］撇{笔画；搧（巴掌）}泼{～水}钹{～山：把山上的柴草割掉种植农作物}［6］别																									
m	［1］□{两手用力掰}［3］□{两手用力掰}［6］灭篾																									
t	［1］爹{十三～，十四娘}																									
tʰ	［3］□{～好：收拾整理好}［5］帖{字～}铁																									
l	［6］猎烈捩{拧（毛巾等）}																									
ts	［1］姐{～夫}［2］姐{～～}［5］借接节																									
tsʰ	［3］且{得过～过}［5］切［6］绝																									
s	［1］些［2］斜邪泉［3］写［5］泻楔{把木片、石块等垫在器物地下使平：～平，～稳}雪薛{～仁贵}［6］谢																									
tɕ	［1］遮［3］者［5］蔗折浙结□{～猪：阉割猪}																									
tɕʰ	［1］车□{～身：转身}［2］□{～过来：拿过来}［3］扯［5］□{打～火：闪电}［6］杰																									
ɕ	［1］赊佘{～太君}［2］蛇［3］舍［5］设歇［6］社射{～子：一隻眼睛的人}麝赦{大～}舌蚀{～本}鳝□{ie˧～：形容不修边幅；杂乱无章}□{米越吃越～：米越吃越少}																									
k	［1］哥该嗝{打～儿}□{～浓：形容（茶）很浓}［3］改［5］个盖合{容量单位}割葛{粉～：葛根}																									
kʰ	［1］开［3］可［5］渴																									
ŋ	［2］鹅蛾{～眉月：上弦月}俄{～国}讹呆{～板}［6］饿碍{～事}																									
∅	［1］□{嘴里食物太多，上下嚼动吃相难看}［2］爷耶{～稣}阎{～王老儿}［3］也野惹［5］腌{～腊肉}捏𥣘{凹陷；～谷：瘪谷}［6］夜聂叶{姓}业热																									
#ue																										
kʰ	［1］魁盔［5］阔																									
∅	［1］煨［6］活{～个：活的}																									
#ye																										
tɕ	［1］□{～手儿：手残者}［5］蕨{～tɕi˥：一种蕨类植物}																									
tɕʰ	［2］□{蹲}［5］缺蕨{水～儿：水蕨菜}																									
ɕ	［1］靴［5］血［6］穴																									
∅	［5］□{肥肉油重而生腻}［6］月越																									
#ai																										
p	［1］宾冰兵［3］丙饼併{～拢}［5］柄{刀～}北壁不□{后脑～儿：后脑勺}																									
pʰ	［1］拼{竖～：竖起房屋列架}［2］凭平评{谈～：聊天}瓶［5］劈［6］病																									
m	［1］蒙?{用布等盖住、蒙住}［2］明名［6］墨默命																									
f	［1］兄																									
t	［1］灯登丁钉疔{～疮}［3］等顶戥{～儿：戥子}［5］凳澄{～一～：沉淀一下}钉得{～真：实在}德																									
tʰ	［1］听［2］腾藤亭{～笼儿：亭子}停廷庭蜓{～线儿：蜻蜓}［5］踢［6］邓特定敌狄锭{金～儿：金锭形的纸钱}																									
n	［2］能{有～：能干}零铃灵菱{～角儿}□{tʰoŋ˨˦～儿：蝉}□{蝦蟆～儿：蝌蚪}［3］领岭{上～：上坡}［6］令瞵{畦}宁{姓}历栎{～子儿树：栎树，果实叫橡子，可做豆腐}□{养儿看～小，养猪看苗条：看一个人好不好就看他小时候的品行，看猪好不好就看它的外形}																									
l	［5］□{用棍子等拨弄}［6］力哩{～功：地名}																									
ts	［1］曾增僧{唐～}精{～肉：瘦肉}［3］井［5］则鲫积{～钱：存钱}迹脊绩甑{饭～}																									
tsʰ	［1］清青［2］层曾晴情［3］请［6］静净贼																									
s	［1］星腥{鱼～草}［3］醒［5］性姓惜腥{鱼好～}锡［6］绪{光～}席																									
k	［1］京惊荆{黄～儿：一种小灌木，叶子可入药}经［3］景警颈□{～钱儿：整钱（与零钱相对）}［5］敬{～祖人老儿：祭祖}镜更{～好}击																									
kʰ	［1］轻［3］肯［5］庆刻克［6］极																									
ŋ	［1］英应鹰鹦{～鹉}［2］迎{～龙灯：舞龙灯}赢［3］影{～儿}［5］应{～答}亿益□{睏～ti⁰ 筋：落枕}［6］翼{～胛儿：翅膀}额{ʈʂo˥～：前额突出}□{～饭：剩饭}																									
x	［1］兴{～田：地名}［2］形型刑［5］黑兴{高～}																									
#iai																										
tɕ	［1］蒸正{～月}［3］整{～病：治病}［5］证{对～}症正{做不～：做不好，做不成}织职隻炙{～火：烤火}																									
tɕʰ	［1］称［2］曾{～孙儿：孙子的儿子}丞{～相}程［5］秤吃赤尺侧［6］蛰{惊～}郑直值植测{～验}																									
ɕ	［1］升声［2］乘{～凉}塍{田～}绳承成城诚盛{～饭}［5］胜圣{跌～珓儿：跌珓}色盛［6］食{～弯儿：鸡嗉子}石																									
#uai																										
k	［5］国																									
kʰ	［6］□{用胳膊肘挽住}																									
∅	［2］营{～长}［3］永{～远}																									
#ei																										
p	［1］□{女阴}［3］比［5］闭秘{～密}笔逼碧{～绿个：碧绿的}																									
pʰ	［1］蓖{～毛子：蓖麻}批披［2］皮{量词，一～洗面巾；一～树叶；一～书}［2］脾比{哩个～尔个好}［3］□{老～茶叶：不分等级的很一般的茶叶}［5］屁匹［6］毙鐾{～刀片儿}被{～u˧：被子}枇{～杷儿}备鼻																									
m	［1］咪{～一下：睡一下；～子眼儿：羞明}［2］迷{～信}眉［3］米美尾{～巴}［6］密蜜{～甜：很甜}																									
f	［1］非飞徽{安～}［2］肥{客来东道～}［3］匪［5］痱{～珠儿：痱子}费废肺［6］惠慧佛																									
t	［1］低裏?{何～：哪里；哩～：这里}［2］□{～精：（形容猪肉）很瘦；～紫：形容颜色很紫}［3］底抵［5］帝的{目～}滴□{tsʰaŋ˧头儿：脱肛}																									
tʰ	［1］梯［2］题啼蹄{～包儿：肘子}［3］体［5］替剃［6］弟第地																									
l	［1］哩?{这}［2］泥犁{木～}离篱{～笆}［3］吕礼李裹里{两～路}理鲤娌{妯～}［6］虑厉{～害}丽荔{～枝}利痢{瘌～子：瘌痢头}吏类泪粒笠律{一～}莉{茉～花}																									
ts	［2］栽［2］□{～黑：（皮肤）很黑；～乌：（锅底灰）很黑}［3］挤嘴［5］济醉卒																									
tsʰ	［1］蛆妻{夫～}溪{兴～桥：地名}［2］齐［3］取娶［5］七脆□{打～：打喷嚏}［6］集疾{残～}																									
s	［2］需须西犀{～牛角，中药}尿□{～草：一种植物}［2］徐随［3］洗髓［5］絮{棉花～}细岁习戌［6］系{联～}																									
#uei																										
k	［1］闺{～女：未婚女子}规龟归［3］鬼诡{～计}［5］桂鳜{～鱼}跪贵骨																									
kʰ	［1］亏［2］癸奎逵［5］窟{～窿}［6］柜{～台}																									
∅	［1］萎{人精神状态不好}［2］危违［3］委伟［6］会卫位{～子}魏胃物味为{敬～意儿：故意}																									
#yi																										
tɕ	［1］砖专［3］转卷																									
tɕʰ	［1］穿川圈［2］传拳权［5］串劝［6］传{讲～儿：说书}赚																									
ɕ	［1］闩{门～儿}［2］船［5］楦{～头：鞋}□{～苗：间苗}［6］县																									
∅	［2］圆员源{洪～：地名}缘铅{～笔；～山，江西县名}元原袁园援丸{肉～儿}［3］软阮{姓}远［5］怨［6］院愿																									
#au																										
p	［1］包胞{同～姊妹；～衣：胎盘}［3］保宝堡{碉～}饱［5］报豹爆{～竹；～芽：发芽}驳剥□{～弯儿：台阶}																									
pʰ	［1］抛□{柚子旧称，今称柚儿}［2］袍跑［5］炮泡［6］薄{厚～；～荷}抱暴{打风～：刮风暴}雹																									
m	［1］猫{～儿}［2］毛茅{～棚}锚谋冇{未，没}［3］卯某亩牡□{～腰裤儿：牛头裤，旧时一种裤档深裤管很宽的裤子，多为黑色}［6］帽{～ʈʂo˧ 儿：帽檐}冒{感～}貌{相～儿}莫幕{～布}																									
f	［2］浮{～梁}																									
t	［1］刀蔸兜{牛～：牛笼嘴}□{～子：疯子}［3］倒斗［5］到倒鬥沰{～雨：淋雨}□{～kuən˨˩˧ 儿柴：一种小灌木柴草}																									
tʰ	［1］偷［2］桃逃陶头投［3］讨{～菜：去菜园摘菜}敨{～气都难过：喘不过气来；～衣裳：用清水漂洗衣服}□{剩下}［5］套透托［6］道盗{强～}导{领～}豆{～干儿}择{～菜}																									
l	［1］捞□{～阔：形容很宽；～猛个：形容很长；～深：形容很深；～高：形容很高}［2］劳牢楼萝{～卜儿}［3］脑老篓{炭～}［5］□{～粉：揉糯米粉}［6］骆{打～驼：打陀螺}闹{热～}漏{翻～：捡漏，修理房屋的漏雨处}落乐{音～}																									
ts	［1］糟{酒～}［3］早澡蚤走																									
tsʰ	［1］操{出～}［2］曹槽{猪食～}□{（植物叶子）蔫}［3］草钞{～票}□{龙～锅：本地最大的锅，蒸东西、煮猪食用}［5］糙{～米}凑{再}［6］造{～谣}凿																									
s	［1］臊［3］嫂［5］扫{～地}潲{～水}嗽{咳～}索																									
ʈʂ	［5］罩{菜～}桌□{～田塍：修筑田埂}																									
ʈʂʰ	［1］抄［2］□{～被 u˧：睡觉时蹬被子}［3］炒吵［5］耖戳{性交}																									
ʂ	［1］搜［3］□{一～：一伙，一群（鸡、鸭子）}［5］缩{～水}																									
k	［1］高膏篙交{寻}铰{～断：剪断；一～指甲儿：剪指甲}沟蛟{～潭：地名}茭{～笋：茭白}［3］狗［5］教较{～～看：试试看}窖够校{学～；上～}觉{睏～：睡觉}告{～sɿ˧：告诉}□{烘（干）}各郭角搁{～几儿：放在厅堂最里面正下方的条案}搁{～脚：跷二郎腿}																									
kʰ	［1］丘{一～田}［3］考口［5］靠扣{～～儿}叩{～头}确搉{敲}																									
ŋ	［1］□{～子：傻子}［2］熬{～糖}鳌{～鱼翻身：地震}［3］袄咬藕［5］坳{山～：两山之间的低洼处}呕{发～：想呕吐的感觉}沤{粪～一下}恶{善～}																									
x	［1］豪毫喉侯［3］好［5］好{～吃懒做；～一门：专门喜欢那一种}孝藿{～香}［］效校{～长}号{南大～：解放初期的一个水稻品种}号{～渠一句：喊他一声；～何样个名字：叫什么名字}后厚鹤学																									
#iau																										
p	［1］标彪［3］表{树～：树杪，树的顶端}婊																									
pʰ	［1］飘漂{～起来}［2］瓢［3］漂{～粉：芡粉}［5］票{～子：人民币}																									
m	［2］矛{～子：长矛}苗{椿～：香椿树的嫩芽}［3］秒［5］□{细（与粗相对）}［6］庙																									
t	［1］刁貂{～老鼠儿：松鼠}［2］鸟{～巴儿：男阴}［3］鸟{～儿}［5］钓吊																									
tʰ	［1］挑［2］条笤{～帚}［3］调{调换}［5］跳																									
l	［2］□{～田：地势高不好灌溉的田}［6］料																									
ts	［1］焦{心～}蕉{芭～}椒																									
tsʰ	［1］□{把粗壮的苗挖出来移栽}［3］□{发霉后长出的白毛}																									
s	［1］消宵硝销萧箫［3］小［5］笑																									
tɕ	［1］朝{～霞}召招骄蛟{出～：地下涌出大水}［3］樵{擦拭}［5］照叫{～吓：治疗小孩惊风}																									
tɕʰ	［1］超□{～天：一大群人海阔天空地聊}［2］朝潮{回～}桥侨荞{～麦}［3］巧［5］翘{～嘴：撅嘴}［6］赵轿藠{～头儿}																									
ɕ	［1］烧馊［3］少晓［5］少瘦［6］兆																									
∅	［1］腰妖邀{～伴}［2］饶摇谣窑{～里：地名}姚［3］舀［5］要［6］耀																									
#əu																										
t	［1］都［3］堵赌绿?{～树：青㭎树}［5］妒{眼～：眼红，嫉妒}𧰵{（针）扎}厾{（针）扎}𡰪{底部，尾部}㞘{底部，尾部}																									
tʰ	［2］图徒屠{～夫涂}［3］土［5］吐{～口茶：吐痰}兔{～儿}［6］肚{～里痛：肚子疼}杜度渡{～船}独毒碡{碌～一下：（心里）咯噔一下}																									
l	［2］奴{～才}卢鸬{～鹚}庐{～山}［3］鲁橹卤［5］熝{～饭：做饭}□{～地：整理旱地、菜地等}［6］路露鹭{～鸶}鹿碌{～碡}																									
ts	［1］租［3］祖组［5］足																									
tsʰ	［1］粗［3］楚［5］醋促{～tɕy˥ 儿：蟋蟀}［6］族触{～到：被水呛着了}																									
s	［1］苏酥{月饼}［5］素俗□{～鼻头：吸溜鼻涕}																									
ʈʂ	［5］竹築{～紧：塞紧}粥祝{庆～}烛嘱{～咐}																									
ʈʂʰ	［1］初［5］畜{～生}［6］助{互～}妯{～娌}																									
ʂ	［1］梳疏［2］锄［3］所{粮管～}数［5］数速{～度}叔［6］熟																									
#iəu																										
t	［1］丢																									
l	［2］流留刘榴{石～儿}硫{～磺}［3］柳［5］溜{滑；秤尾低}［6］六绿																									
ts	［1］揪?{～酸：很酸}［3］酒																									
tsʰ	［1］秋鳅□{烟熏}［6］就袖																									
s	［1］修羞［2］愁［5］绣锈秀宿粟{小米}																									
tɕ	［1］周洲{大～：地名}州［3］九久韭帚{笤～}［5］昼{当～：中午}咒救菊																									
tɕʰ	［1］抽［2］绸稠仇求球𥭑{鸡～：关鸡的笼子}［3］丑［5］臭麯{酒～}曲［6］舅臼{碓～}旧柩{下～：下葬}局																									
ɕ	［1］收［3］手首守［5］兽{野～儿}［6］受寿																									
∅	［2］柔{～～儿：缓缓地，慢慢地揉}牛由油［3］纽扭{秤上的悬提}有友酉［6］又右釉肉育																									
#ɚ																										
ʈʂ	［1］之芝{灵～}																									
ʂ	［1］师狮{～子}［3］史使［5］涩{ka˨˦～：很涩}［6］士柿{～果儿：柿子}事																									
∅	［2］儿{～女}而［3］耳{～刀：耳朵}［6］二																									
#ən																										
p	［1］般搬［3］本［5］半																									
pʰ	［1］潘拼［2］盘盆［3］品［5］判叛［6］拌伴																									
m	［1］□{液体满而溢出}［2］瞒门蚊{～虫儿：蚊子}［3］满［6］闷{～胎儿：不爱做声的人}问焖{～饭：用锅煮饭}																									
f	［1］昏婚浑{～浊}分荤［2］含衔痕魂坟［3］粉［5］粪［6］混份□{种（大蒜、韭菜、葱等）}																									
t	［1］端驐{～牛：阉割公牛}礅{磉～儿：柱下石}墩{酒～儿：舀酒的器具}□{蘸}□{打纸～：一种游戏}［2］□{～粗：形容很粗；～厚：形容很厚}［3］短断{～倒：拦住，截住}□{蒲～儿：蒲团}［5］□{～棺材盖：盖棺}□{用脚后跟踩}																									
tʰ	［1］吞{lən˨˦ 个～：整个地吞下去}［2］潭{猴儿～：本地昌江里的一个潭}团坛童?{～养新妇儿：童养媳}［3］钝?{迟钝，反应慢}［5］顿?{～一下：迟疑了一下，停顿了一下}［6］断段缎{～儿}椴{～木}囤{～儿：装粮食的竹制器具}																									
l	［2］男林临邻鳞轮□{～个：整个的，完整的}□{马～tɕʰiən˨˦ 儿：马兰头，一种野菜}［3］暖卵{男阴}［6］乱嫩																									
ts	［1］簪{头～儿：簪子}钻尊遵［2］□{～尔 na⁰ 吃：随便你吃，管够}［5］浸钻{～儿，木工工具}进																									
tsʰ	［1］清{～早}亲村{～堂：村子}［2］蚕{～儿}寻全［3］忖{尔～一下：你想一下}□{～网儿：一种捕鱼工具}［5］窜{小孩到处乱跑}寸衬{帮～}［6］旋{头顶上的旋儿}尽錾{～儿：錾子}凚{打伴～儿：因寒冷打哆嗦}																									
s	［1］心酸宣新辛孙［2］存［3］选笋擤{～鼻头：擤鼻涕}［5］算蒜信□{陡}																									
#iən																										
tɕ	［1］针金今珍真巾{丢手～儿：丢手绢儿，一种游戏}斤筋□{林～儿：杏}□{水～花儿：鼠麴草}砧{刀～板儿：砧板}［3］枕{～头}紧［5］禁{百无～忌}镇震劲																									
tɕʰ	［2］沉秦陈尘勤禽{风～儿：风筝}芹［5］□{～kʰuaŋ˨˩ 儿：钹}［6］阵近																									
ɕ	［1］深身申［2］神辰行={可以}［3］沈婶{～儿}［5］□{用火的余温加热食物}□{好～：很高兴，心情好}																									
k	［1］干乾肝跟根甘{～草}柑{～儿：橘子}［3］敢赶哽{噎}秆{禾～：稻秆}鳡{～鱼}［5］赣{～戏：赣剧}幹{～部}																									
kʰ	［5］看																									
ŋ	［1］庵{尼居～：尼姑庵}安鞍{马～儿}恩案{香～}［6］岸																									
x	［1］欢{～喜}憨{装～：装傻，装作不知道}［2］寒韩［3］很{咸～：太咸}□{～草：锄草地，松土}［5］汉［6］汗翰{～林}焊恨																									
∅	［1］阴音因［2］人仁银寅饮{～汤：米汤}忍引{～火}［5］荫{好～：很凉爽}印［6］壬认																									
#uən																										
k	［1］官棺冠{鸡～儿}［3］管馆滚磙{～子，一种农具}□{～倒：盖住，罩住}［5］灌罐惯棍																									
kʰ	［1］昆崑坤［3］捆{量词}［5］困睏{～觉：睡觉}																									
∅	［1］温瘟［2］完文炆{一种烹饪方法，用小火炖煮食物}［3］碗腕稳［5］暗揾{～死：淹死}𩑦{～死：淹死，或作揾}［6］换																									
#yən																										
tɕ	［1］军君均肫{鸡～儿}□{～鱼：一种鱼，形状像草鱼}［3］准［5］圳{～沟：田边的小水沟}																									
tɕʰ	［1］伸椿{～苗树：香椿树}春［2］群裙［3］蠢																									
ɕ	［1］纯［5］□{渗透，洇}［6］顺																									
∅	［1］□{用手掐住身上的肉使劲拧}［2］匀{～净：齐整}云耘［6］闰运{走～}																									
#aŋ																										
p	［1］帮邦{～硬：形容很硬}［3］榜{～眼}绑［5］迸{～坼：冻裂}																									
pʰ	［1］肨{浮肿}㧸{～走：轰走，赶走}□{～臭：形容很臭}膨?{～松：形容很松}［2］旁螃{～蟹儿}鳑{～皱儿鱼：鰟鮍}［3］□{～一下：相撞了一下}［5］胖［6］塝{港～：河堤；田～：稻田的边坡}蚌{～壳儿：河蚌}																									
m	［1］忙芒{麦～儿}［2］网猛{物长人高}［6］忘望																									
f	［1］荒慌{心～}方坊{柱～：屋柱之间的木板}［2］凰{凤～嘴，地名}黄=皇簧{弹～}房防隍{城～庙}［3］仿纺［5］放［6］晃{～动}																									
t	［1］当裆［2］□{～清：（水）很清；～青：很青}［3］党［5］当{～真}档{桌子或椅子下的横木}垱{为便于灌溉而在低洼的田地或河中修建的用来存水的小土堤}																									
tʰ	［1］汤［2］堂唐糖塘□{量词，一～屎：一泡屎}［5］烫耥{～田：用耥耙把水田弄平便于插秧}□{椅儿～儿：椅子撐儿}［6］盪{用水冲刷}荡{～街：逛街}																									
l	［1］□{～稀：形容（粥）很稀；距离宽}［2］狼郎廊［3］□{除草，平整土地}［5］荡?{随意走动，溜达}［6］浪晾{～衣裳}廊?{～檐儿：大门外房檐两边的走廊}																									
ts	［1］藏{～弯：地名}脏{肮～}［5］站{车～}																									
tsʰ	［1］仓苍疮{生～}［2］藏{做～菜：腌咸菜}［5］撑?{～起～倒：参差不齐，不平整}［6］藏{西～}□{tei˨˩˧～头儿：脱肛}																									
s	［1］桑［3］磉{～礅儿：柱下石}［5］□{～起～倒：言谈举止轻浮，玩世不恭}																									
ʈʂ	［1］庄桩妆{嫁～}□{踹}［5］壮{肥}																									
ʈʂʰ	［6］状撞{～油：用木榨制油}																									
ʂ	［1］霜双［2］床［3］爽{～快}																									
k	［1］冈刚纲钢缸江扛{两人抬}［3］讲港{过～：过河；王～：地名}［5］岗{山～：山顶}杠{龙～：抬棺材的粗木棒或竹棒}降{霜～}虹																									
kʰ	［1］糠康［2］□{～～儿：蚯蚓}□{～瘦：（人）很瘦}［3］槛?{屋～：门槛}□{没有正规工具，随便找个用东西砸}［5］囥{藏（东西）；放置、搁置}																									
ŋ	［1］肮{～脏}［3］□{硌（脚）}																									
x	［1］行降笐{～竿儿：晒衣服的竹竿}□{刺～儿：一种蔷薇科植物}［6］项夯{打～}																									
#uaŋ																										
k	［1］光［3］广梗{手～儿：胳膊}［5］矿																									
kʰ	［2］狂																									
∅	［1］汪［2］王黄横{瞪眼}［3］往{来～}枉{冤～}□{犁～档儿：连接犁头钩的横木}［6］晃{～人家：晃眼}																									
#oŋ																										
p	［1］绷{～子床}［5］蹦																									
pʰ	［1］朋棚{灰～：存放草木灰的棚子}蓬{莲～头：莲蓬}篷［3］捧{～卵泡：拍马屁}［5］碰□{～香：很香}																									
m	［1］蒙{～倒：盖住}［2］矇{～人家：形容视力模糊，看不清楚}［3］懵{发～病：发癫痫}［6］梦{眠～：做梦}																									
f	［1］风凤{～凰嘴，地名}枫疯丰封蜂□{瘫痪；半边～：半身不遂}［2］逢缝［6］凤缝																									
t	［1］东冬［3］懂董［5］冻																									
tʰ	［1］通［2］同铜桐筒童瞳{～仁儿}［3］桶统［5］痛□{猪嘴～儿：猪拱嘴}［6］动洞																									
l	［1］□{（狗）～出来：（狗）突然窜出来，让人猝不及防}［2］农聋脓砻笼{含～：连接天井的下水道}窿{耳朵～儿：耳朵眼}［3］笼{泥鳅～儿：捕泥鳅的器具}［6］弄{走～：穿堂，院子之间供穿行的地方}□{～弱：小孩身体虚弱}□{～软：（东西）软}																									
ts	［1］棕鬃宗终［2］□{～密：很密，距离窄}［3］总［5］粽{～儿}纵{衣服上的褶儿；～眉：皱眉}																									
tsʰ	［1］聪葱［2］从松{～树}［6］仲{杜～}																									
s	［1］松{～紧}［4］㞞{卵～：精液}［5］送宋																									
ʈʂ	［1］中忠钟盅锺舂{～米；～困：打盹}□{用拳头使劲打}［3］肿种［5］众种																									
ʈʂʰ	［1］囱{烟～}充冲［2］虫重{～阳；～起来：叠起来}幢{一～屋}［5］铳冲{～得好猛：（比周围植物）长得高}冲{～菜儿：用芥菜嫩茎腌制的一种食品，吃起来有一股刺鼻的气味}［6］重{起～：庄稼、草等生长茂盛}																									
ʂ	［1］参{人～}森{～林}																									
k	［1］公工攻功蚣{蜈～虫}弓宫［3］拱{～卒儿；突起}［5］贡汞{红～：消炎用的紫药水}																									
kʰ	［1］空［3］孔恐{～怕}［5］控空{欠（钱）}																									
ŋ	［1］□{用东西盖住、蒙住：～头吃臭屁（比喻有苦说不出）}［3］□{～肥：把垃圾、柴草等燃烧后沤肥}［5］蕹{～菜}壅{～水：浇水；～粪：浇粪}［6］□{～脓：化脓}																									
x	［1］烘［2］红洪冯［3］哄{打～：撒谎}［5］□{～鼻孔：鼻子不通气，说话声音不清楚}																									
#ioŋ																										
l	［2］龙																									
tɕ	［1］供{养育，赡养}弓{装～：用一种装置捕鸟兽}																									
tɕʰ	［2］穷［6］共																									
ɕ	［1］胸凶［2］雄熊［5］嗅																									
∅	［2］荣绒{灯心～}浓茸{鹿～；竹～：篾屎}容{～纵：纵容}蓉{芙～花}［3］拥［6］用																									
#m̩																										
∅	［6］姆{～妈：母亲}																									
#n̩																										
∅	［1］尔{那}［3］你																									
