tsɿ	1	支枝肢吱之芝資姿咨茲滋孳孜輜𢫴[用指甲抓]
tsɿ	2	滓[(輕化)渣～]
tsɿ	3	紙止址趾芷旨脂指只[(1)]咫子仔籽梓紫姊秭滓[渣～洞]
tsɿ	5	志痣梽誌至致桎窒制智=擲翅塒[雞～：雞窩]
tsʰɿ	1	齜雌疵跐嗤摛哧
tsʰɿ	2	齒[(輕化)牙～]
tsʰɿ	3	恥齒侈此
tsʰɿ	5	次賜啻敕伺
dzɿ	2	瓷茨[～菰]詞飼-祠嗣辭慈糍磁
dzɿ	6	自字牸巳
sɿ	1	思颸斯撕嘶廝私尸師獅螄施詩絲噝鷥司廁[茅～：廁所]
sɿ	3	死史駛使始屎矢
sɿ	5	四肆駟祀嗜俟謚筮噬誓=飼=
zɿ	2	時匙豉
zɿ	6	事士仕寺侍恃市柿示視是氏似
ɯ	2	兒而
ɯ	3	耳餌爾
ɯ	6	二貳弍
pi	1	屄[(又)女陰]
pi	2	筆逼畢嗶必碧璧壁=
pi	3	比彼[(又)]
pi	5	閉敝蔽弊鱉-斃幣秘-毖愎痺裨弼潷[擋住渣滓或其它固體，將液體倒出：～米湯]
pʰi	1	披批蓖
pʰi	2	辟闢譬臂避[(又)]匹匕劈=
pʰi	3	鄙妣庇否[(2)運氣～]彼[(又)]
pʰi	5	屁
bi	2	皮疲脾婢箅
bi	6	鼻避[(又)]被篦
mi	1	瞇咪
mi	2	彌獼弭糜麋靡蘼迷[(又)]
mi	3	米
mi	5	密蜜冪汨泌謐秘=覓[(又)]□[嘴巴～嗒：將嘴巴閉着]
ti	1	低爹[(2)老頭：劉三～]
ti	2	敵狄的[～確]滴=嫡
ti	3	氐底[(又)]抵邸詆柢砥骶牴踮-嘀[～～：汽車喇叭聲]
ti	5	帝蒂諦締底[(又)]
tʰi	2	踢
tʰi	3	體剔[(又)]
tʰi	5	替梯銻剃涕屜隸-惕剔[(又)]
di	2	笛啼蹄狄荻滌堤題提=
di	6	弟第遞逮地
li	1	笠栗-[(1)板～]□[滾動]□[～子：簍子]
li	2	離籬漓璃犁梨黎藜黧莉厘哩鸝罹栗[(2)～弓tsai55①：栗鑿]□[ŋa55①～：故意找茬]
li	3	禮旅李里裹理鯉狸俚娌哩[喚鴨聲]澧醴蠡履
li	5	力歷曆靂勵礪蠣律麗儷酈蒞俐立粒戾唳荔棟礫栗=[(1)板～]吏[(又)]隸=
li	6	利痢厲吏[(又)]瀝
tɕi	1	雞飢饑機譏知蜘
tɕi	2	脊=織積吉即汁職質跡績激擊唧[詞尾襯音助詞，如：妹～：妹子]執[～固]
tɕi	3	幾擠己紀[(1)～律]
tɕi	5	祭際濟劑計臍=繼寄記紀[(2)～念]既季繫[～鞋帶]智-
tɕʰi	1	欺妻淒棲蛆焌[用水將燃燒物澆滅：把火～滅；煮菜時加水：～湯]趨-
tɕʰi	2	七漆膝及級極吸侄集疾籍赤=吃[(2)口～]
tɕʰi	3	啟起取-豈喜-
tɕʰi	5	直值植置氣汽器棄契戲-
dʑi	2	奇騎其期琪棋騏遲徐池弛馳臍-
dʑi	6	技妓治澀忌聚-娶-序-敘緒-
ȵi	2	尼泥儀宜疑鮎[(又)]嚴[(又)]閻[(又)]
ȵi	3	你
ȵi	5	日
ȵi	6	義議蟻=逆藝毅膩=念[(變調)]驗[(變調)]
ɕi	1	西犧須-鬚-需-希稀欷晞犀樨熙奚溪些-兮羲曦雖髓
ɕi	2	習夕汐矽析晰蜥婿昔惜悉蟋錫=襲息媳熄瘜檄席蓆=濕失識釋室璽徙蓰恤適=
ɕi	3	洗銑喜=熹禧嬉
ɕi	5	十什拾實食蝕世勢式細隙絮-戲=繫=[～鞋帶]試誓-石=適-
ʑi	2	入-[狗～箇：狗日的]
ʑi	6	系[～統]
i	1	醫衣依銥裔伊倚咿噫[表驚異]
i	2	夷姨荑胰痍飴怡貽遺移沂頤彝嶷
i	3	已以苡矣
i	5	一億憶屹亦異抑邑挹益溢縊逸譯驛繹弈奕羿翌翼意臆癔懿疫=役=詣蜴易[(2)交～；(3)姓]
i	6	易[(1)容～]
pu	3	補
pu	5	不布怖怖
pʰu	1	捕鋪[(1)名詞：床～；動詞：～設]
pʰu	2	撲[(1)～面]僕樸瀑
pʰu	3	普譜璞蹼甫埔圃浦
pʰu	5	鋪[(2)名詞：店鋪]
bu	2	蒲葡脯莆孽菩伏[(1)正面朝地：～嗒地下]
bu	6	部步埠簿□-[將兩個物體按一定方式對攏，使不留空隙：把鍋蓋蓋～]
ɸu	1	夫伕呋膚麩趺跗呼敷孚俘稃孵
ɸu	2	福蝠服复腹蝮覆忽惚唿囫匐伏=[(1)埋～；(2)三～天]袱茯弗拂氟佛[(1)～教]彿[(3)彷～]
ɸu	3	撫府腑俯腐[(1)～爛]斧輔虎琥唬滸釜否-[(1)～定]
ɸu	5	付附咐駙富副賦阜訃赴戽瓠傅[(又)]□=[將兩個物體按一定方式對攏，使不留空隙：把鍋蓋蓋～]
βu	2	扶芙鳧浮=符胡湖糊葫猢瑚蝴醐煳[燒焦：飯～嗒]鬍狐弧壺和[(2)～牌]傅[(變調)師～]腐[(2)豆～]佛[(2)阿彌陀～]
βu	6	戶滬護父婦負互=
ku	1	姑估咕鴣菇酤辜孤鍋-箍
ku	2	谷骨=
ku	3	古詁牯罟䀦[瞪大眼睛表示不滿]汩蠱股鼓瞽菰
ku	5	顧僱故固崮痼錮梏過-
kʰu	1	枯骷
kʰu	2	哭窟酷
kʰu	3	苦
kʰu	5	庫褲
u	1	烏嗚鎢鄔污巫誣
u	2	無吳蜈梧娛-禾-
u	3	五伍武鵡舞午忤嫵侮捂牾
u	5	屋勿物兀焐
u	6	務霧戊誤悟晤寤騖鶩互-
tɕy	1	豬諸朱蛛株侏茱誅珠拘駒掬居俱車[象棋術語]
tɕy	3	主煮渚舉櫸矩
tɕy	5	注駐蛀鑄著句鋦侷跼據劇踞倨鋸=
tɕʰy	1	區驅嶇軀祛吹-黢[～黑：很黑]
tɕʰy	2	屈詘
tɕʰy	3	處[(1)動詞：～理]取=娶=
tɕʰy	5	覷趣=去=處[(2)名詞：～所]
dʑy	2	渠衢芻雛除滁廚櫥躕躇儲橘槌-錘-菊=
dʑy	6	住柱巨苣拒距炬鉅詎具懼颶遽聚=
ȵy	3	女
ȵy	5	蕊
ɕy	1	舒輸書抒虛樞倏須=鬚=需=鼠[(變調)老～子]
ɕy	3	暑署曙許水黍鼠[(又)]
ɕy	5	術述戍庶墅恕絮=
ʑy	2	殊薯
ʑy	6	豎樹緒=序=
y	1	淤迂紆
y	2	魚漁如余餘於盂竽俞榆瑜愉[(又)]蝓愚[(又)]娛=虞臾諛萸
y	3	與嶼予宇羽雨禹庾乳
y	5	餵-[餵養：～豬]
y	6	域蜮豫入=玉芋籲預譽峪裕馭喻諭揄愈逾愉[(又)]渝覦禦遇寓愚[(又)]聿嫗鷸鬻熨[～貼]疫-役-
pa	1	巴杷爸[(又)]芭笆疤叼[(訓讀)～嗒根煙]
pa	2	八捌伯
pa	3	把[(1)～握，一～刀]靶叭[喇～]㞎[小孩稱大便]
pa	5	垻壩霸[(1)惡霸；(2)～蠻：固執]把[(2)柄，刀～；花～子]爸[(又)]
pʰa	2	拍泊拔跋醱[～酒：將煮熟的飯加發酵粉後捂緊使發酵成酒]
pʰa	3	啪趴=[伸開雙腿]
pʰa	5	白-怕帕
ba	2	扒趴-耙琶筢杷[枇～]夿[量詞：一～屎]爬=
ba	6	罷跁䶕[牙齒外露]
ma	1	媽=嗎麼[～解：為什麼]
ma	2	麻蟆[～拐：青蛙]
ma	3	馬媽-[姆～]碼瑪螞摸-
ma	5	抹[～布]
ma	6	罵
ɸa	1	花髮[(變調)頭～]
ɸa	2	法砝乏發髮[～型]伐閥筏
ɸa	5	化罰
βa	2	華鏵嘩樺劃[(又)]
βa	6	畫話=劃[(又)]
ta	1	咑
ta	2	搭答嗒躂[(又)]耷
ta	3	打
tʰa	1	他她它遢
tʰa	2	塔達撻躂[(又)]塌踏[(2)～實]獺趿[穿鞋時將鞋後幫踩在腳下，比較懶散]
tʰa	5	榻蹋沓踏[(1)腳～板]
da	2	□[～對：蹺蹺板]
da	6	搨[堆疊著放]
na	2	捺挪-拿=
na	3	哪
na	5	納吶衲鈉
na	6	那
la	1	拉垃啦
la	2	爬-
la	3	喇邋[(又)]
la	5	辣臘蠟邋[(又)]旯[旮～]擸[將衣袖或褲管挽起]
la	6	落[(2)遺漏或丟失]
tsa	1	渣喳楂
tsa	2	閘扎摘札咱砸匝吒[哪～]咋[～舌]
tsa	3	紥□[扯～：發生糾紛]
tsa	5	榨詐蚱炸[(1)爆～]
tsʰa	1	差[(1)差錯]叉杈衩扠
tsʰa	2	擦插坼
tsʰa	3	嚓[咔～]
tsʰa	5	雜鍘岔炸[(2)把食物放在沸油裏弄熟：～油條]
dza	2	茶搽查
dza	6	柵乍
sa	1	沙紗砂莎痧裟鯊杉薩[(又)菩～]□[兩腿或手叉開]
sa	2	殺剎鎩煞[(1)動詞：～尾；(2)名詞：迷信的人指凶神]刷
sa	3	耍撒傻=灑=
sa	5	卅颯薩[(又)比～斜塔]
ka	1	家-枷痂□[小孩吵着要某個東西]
ka	2	夾鋏裌
ka	3	嘎
ka	5	嫁-駕-架-篙[竹～：晾衣服的竹桿]
kʰa	1	咖卡[(1)用手的虎口鉗住]
kʰa	2	客-恰-掐[用指甲按]
kʰa	3	卡[(2)～殼；關～；～片；～車]咔喀
kʰa	5	胯-[兩腿之間]
ŋa	1	椏[樹～子：樹杈裏]埡[山～子，山凹裏]□[把東西塞到孔、洞或縫裏，～菜：栽菜]
ŋa	2	牙-芽-伢岩崖涯鴨-押□[用指甲按住]
ŋa	3	啞
ŋa	5	額-軋壓-[(又)]
ŋa	6	壓-[(又)]
xa	1	哈蝦-
xa	2	瞎-轄=嚇-蛤
xa	3	傻-
xa	5	狹-
ɣa	6	下-[全部：箇些肉我～要]
a	1	阿啊[(1)表驚歎]
a	5	啊[(2)表疑問]
a	6	啊[(3)表否定]
pia	1	□[～淡：很淡]
pia	2	壁-
pia	3	噼[(又)]
pʰia	2	劈-
pʰia	3	噼[(又)]□[～淡：很淡]
tia	1	嗲爹-[(1)]
tia	2	提-[(又)]滴-[(1)動詞，～水；量詞，一～汗]
tia	5	滴[(2)～嘰：一點兒]
tʰia	2	締[(訓讀)捆紮：把麻袋～起]
dia	2	提-[(又)]
lia	1	□[發～：敏嬌]
lia	2	□[～壞嗒：弄髒了]
lia	3	舔-[(又)]咧[嘴角向兩邊伸展：～起嘴巴笑]□[東西的兩部分向兩邊分開，衣服～起，不像樣]□[歪斜：碗～箇嗒，湯流箇出來嗒]□[～舌子：伸舌頭做鬼臉]
lia	5	□[栽種：～菜]累[(訓讀)勞累]
tɕia	1	加嘉袈枷=茄[(2)雪～煙]佳遮家=
tɕia	2	甲胛岬鉀夾=莢頰葭隻-[(2)量詞]□[脾氣很犟]
tɕia	3	假賈者-姐-
tɕia	5	借-價稼嫁=駕=架=
tɕʰia	1	車-[(1)]
tɕʰia	2	尺恰=洽赤-[～腳]喫[～飯]
tɕʰia	3	扯-
tɕʰia	5	蓆-[～子：席子]
dʑia	2	邪斜
dʑia	6	謝-[(2)姓]跨[～過門檻]
ȵia	1	黏-[～人：易與人熟]
ȵia	3	惹
ȵia	5	入-[狗～箇：狗日的]
ɕia	1	賒-蝦=
ɕia	2	俠峽設-錫-涉-狹=瞎=黠匣狎□[～旮旯：腋窩]
ɕia	3	舍-[宿～]捨-[～棄]寫-
ɕia	5	石-舌-射-瀉-[稀～箇：很稀]
ʑia	2	霞蛇-佘瑕暇遐
ʑia	6	下=夏廈社-
ia	1	鴉丫呀
ia	2	牙=芽=蚜衙押=爺-螢-
ia	3	雅也-冶-椰-野-
ia	5	亞訝壓=
ia	6	夜-
kua	1	瓜呱
kua	2	刮括
kua	3	寡剮
kua	5	掛卦褂
kʰua	1	夸誇
kʰua	3	垮[(又)]□[～嘰：樹枝]□[從容器中倒出東西]
kʰua	5	跨挎=胯=
ɡua	2	垮[(又)]
ua	1	哇窪蛙娃[(變調)]蝸鵠挖=
ua	2	娃[(又)]□[嘔吐]
ua	3	瓦
ua	5	滑襪
ua	6	話-
tɕya	1	抓=[(1)動詞，～一把花生]
tɕya	3	抓=[(2)動詞：～緊；量詞，一～花生]
tɕʰya	5	踹[用爪子刨土或掙扎時蹬腿：雞～食：把雞腳扎緊下，莫得它～開嗒]
dʑya	2	茄瘸[～子]
ɕya	1	靴
ɕya	5	趿[穿鞋不正規，將後幫踩在腳下]踹[用爪子刨土或掙扎時蹬腿：雞～食：把雞腳扎緊下，莫得它～開嗒]
ya	1	抓-[(1)動詞，～一把花生]
ya	3	抓-[(2)動詞，～緊；名詞，一～花生]
ya	5	噦[大聲叫嚷]
pe	2	百佰鉑北柏迫-伯=白=
pe	5	□[用力拽：～緊]
pʰe	2	魄舶粕迫=
be	2	□[輕輕地碰或摸]
me	1	默[(1)心裏暗想，心裏～下神]
me	3	哞[牛叫聲，小孩用以稱牛：牛～]
me	5	麥脈墨默沒[沉～]末[(2)粉末：～藥、椿～子]滅-
ɸe	2	或
ɸe	5	活-[與死相對，～泥鰍]
te	2	得德□[給，交給]
te	3	嘚[(1)舞獅時，領隊或主人唱讚詞之先要喊「～」以使鑼鼓和喧鬧聲靜下來]
tʰe	2	特=忑
te	6	嘚[(2)表提醒]
le	5	勒肋𠢠[荊棘上的刺，也指荊棘]
tse	2	則側測[～嗒去：試探着去]窄責
tsʰe	1	□[～齊：全部都齊了]
tsʰe	2	擇澤策冊宅拆廁測=
tsʰe	5	賊
se	1	鰓腮鎪[～鋸子：將物體鋸成彎形的鋸子]
se	2	色瑟嗇蝨塞[(1)堵～]骰[(訓色字)]
ke	2	格革隔膈給=
ke	5	鋸-
kʰe	2	克剋刻咳客=
kʰe	3	王[(訓讀)K，撲克牌的第13張]
ŋe	1	□[～嗒ȵi11②：喫虧]
ŋe	5	額=嚙[用牙齒咬]
xe	1	嘿
xe	2	黑轄核
xe	3	很[(又)]
ɣe	2	很[(變調)帶有誇張的神情]
e	1	呃[(1)表驚奇]
e	3	呃[(2)打招呼或說話前提醒人注意]
e	5	呃[(3)表否定]
pie	1	憋鱉=
pie	2	屄[(又)女陰]
pie	3	癟
pʰie	2	別撇[(1)筆畫「丿」]
pʰie	3	枇撇[(2)左～子]□[小孩遊戲用的正方形或三角形的紙板]□[～淡：很淡]
mie	1	搣[掰開、撕開，一分被～做兩半用；也喻指吝嗇：箇隻人蠻～]
mie	2	棉-
mie	3	咩
mie	5	篾蔑滅=
tie	1	爹=[(1)]
tie	2	跌迭
tie	3	□[～嘰：一點兒]
tʰie	2	鐵疊蝶諜喋牒碟=[飛～]貼帖
tʰie	3	舔=[(又)]
tʰie	5	揲[整理好]碟-特-
lie	3	舔-[(又)]
lie	5	列例烈洌裂劣獵捩[扭傷：腳～嗒，不好走路；斜的、歪的：線畫～嗒]
tɕie	1	遮=
tɕie	2	接折浙哲節癤揭竭碣結[口吃者]潔拮給-
tɕie	3	者=姐=
tɕie	5	借=
tɕʰie	1	車=[(1)]
tɕʰie	2	絕-切徹竊撤澈傑截劫捷睫妾怯=□[挪動：他躺在床上，喊箇半日都冇～一下]
tɕʰie	3	且扯=
tɕʰie	5	去-
dʑie	2	挾[夾在腋窩下]
dʑie	6	謝-[(1)～～：感謝]
ȵie	2	□[輕輕地打開一絲縫：把鍋蓋～開滴嘰]□[碰、摸：箇隻東西貴，不要亂～]
ȵie	5	熱業孽聶囁鑷躡捏[～造]
ɕie	1	些=
ɕie	2	雪薛瀉-[肚子～]歇協設=涉=
ɕie	3	舍=[(又)]捨=寫=
ɕie	5	赦卸洩謝=[(1)～～：感謝；(2)姓]瀉=舌=舍=[(又)]
ʑie	2	蛇=
ʑie	6	射=社=
ie	1	嘢[(1)表驚奇]
ie	2	噎爺=
ie	3	嘢[(2)表肯定]也=野=冶=
ie	5	葉頁乙
ie	6	嘢[(3)啊～：表後悔或害怕]夜=
kue	2	國蟈
tɕye	2	決訣抉絕=拙倔崛掘蕨獗蹶攫
tɕʰye	2	缺=
tɕʰye	3	□[拗斷：把棍子～脫]
dʑye	2	□[揪：他一把就～嗒她箇頭髮]
ɕye	2	說[小說]血
ye	2	□[～kuai33③：衰人或差勁的東西]
ye	3	□[嘴角向下拉：～起嘴巴就哭]□[拗斷：把棍子～脫]
ye	5	悅閱越鉞月粵缺-
po	1	波菠玻挬[用棍子敲打]
po	2	駁勃脖渤剝撥博搏膊鉢亳
po	3	帛箔啵[蛋～～：小孩語]挬[(又)用棍子敲打]播[(2)廣～]
po	5	簸播[(3)～種；廣～]啵[接吻，小孩語]
pʰo	1	坡
pʰo	2	潑礴
pʰo	3	頗叵撲[(2)～克]
pʰo	5	破薄[(1)厚～]
bo	2	婆鄱卜
bo	6	薄[(2)～荷]
mo	1	摸=[(又)]
mo	2	模磨[(1)動詞，～刀]
mo	3	摸=[(又)]
mo	5	莫目末=抹=沫
mo	6	暮募墓幕磨[(2)名詞：石～子；動詞：～豆腐]
to	1	多
to	2	奪
to	3	朵躲垛[(2)]
to	5	剁
tʰo	1	拖
tʰo	2	脫托託拓[～藍紙：複寫紙]庹[兩臂伸開的長度]
tʰo	3	妥
tʰo	5	□[用比較重的東西蓋起來]
do	2	駝馱哆[簡譜七音中的「1」]
do	6	惰墮垛[堆放]
no	2	挪=
no	5	諾
no	6	糯懦
lo	1	裹[(1)將麵團等濕的固體粘上粉末]□[諂媚、討好：他～嗒幹部想得好處]□[～蛛子：蜘蛛]
lo	2	羅鑼籮騾
lo	3	玀囉裹[(2)纏繞]卵-[雌性生殖細胞：～子]
lo	5	樂[(1)快～；音～]洛駱烙絡[(2)脈～]落[(1)降下]摞捋
tso	2	桌卓捉琢啄茁拙作[(1)～業]
tso	3	左佐
tso	5	作[(2)病痛或藥物開始產生反映：爛疤子發～嗒；小孩吵闓不停]
tsʰo	1	搓
tsʰo	2	戳撮
tsʰo	3	挫矬
tsʰo	5	昨錯措鑿銼濁
dzo	6	坐座
so	1	蓑梭唆=
so	2	索速-塑溯率-[(1)統～]蟀-縮=
so	3	鎖瑣所
ko	1	哥歌鍋=
ko	2	各閣鴿割
ko	3	果箇[指示代詞，相當於「這」]
ko	5	個過=[～子：漏斗]
kʰo	1	科□[用中指或食指彎曲起來打人頭頂，疑爲敲]
kʰo	2	殼瞌渴闊確擴豁霍
kʰo	3	可棵顆
kʰo	5	課
ŋo	2	蛾鵝俄訛昂
ŋo	3	我
ŋo	6	餓臥
xo	1	窠□[哄：～人；～細傢伙睏]
xo	2	合喝獲惑鶴蠚[蜇：峰～人]
xo	3	火伙夥
xo	5	盒貨縛[捆綁：～柴]活=學-[～舌：搬弄是非者將某人批評或污衊別人的原話學說給相關的人聽]
ɣo	2	何荷河和[(1)～麵；我～你；～平]
ɣo	6	賀禍
o	1	窩
o	2	禾[(又)]
o	5	惡握
lio	5	略-掠-
tɕio	1	喌[喚雞聲]
tɕio	2	覺腳灼酌著擢着[(1)～落，～涼]鐲
tɕio	5	斫
tɕʰio	2	卻嚏雀=[麻～]鵲=[喜～]辵[(存疑)騙：他个東西怕是～錢箇]
tɕʰio	5	爵嚼着[入睡：睏～嗒]□[丟失：錢～箇嗒]
ȵio	5	弱若虐瘧略=掠=
ɕio	1	唆-
ɕio	2	學=削
ɕio	3	□[使喚狗的命令聲]
ɕio	5	□[欺騙：他是～人箇]□[～里～氣：寶氣]
io	1	喲[(1)～嗬]
io	3	喲[(2)哎～]
io	5	岳躍約藥鑰耀-樂[(2)音～]
pai	1	𨃅[腳跛]跛
pai	3	擺唄
pai	5	拜湃
pʰai	3	□[～起腦殼：擡着頭]□[擔子的兩頭重量不一樣，挑的時候需用手扶着較重的一頭]
pʰai	5	派=
bai	2	牌排俳徘
bai	6	敗稗
mai	2	埋霾
mai	3	買
mai	6	賣
ɸai	3	□[理睬]
βai	2	槐踝淮徊懷[(1)胸～；～念]
βai	6	壞
tai	3	歹傣呆=
tai	5	戴帶
tʰai	1	胎
tʰai	3	□[慢慢走以消磨時間]
tʰai	5	太汰肽鈦泰
dai	2	臺苔抬薹
dai	6	大代貸岱玳黛袋=待殆怠
nai	3	乃奶[(1)～孃]氖
nai	5	奶[(2)只單講，專指乳汁]
nai	6	耐奈
lai	1	□[癱瘓]
lai	2	來□[～尿：尿拉在褲子裏或被子裏]
lai	3	倈[～嘰：男孩]
lai	5	㸊[很燙]
lai	6	賴癩
tsai	1	栽災哉齋
tsai	3	宰崽
tsai	5	再載債
tsʰai	1	猜差[(2)出～]
tsʰai	3	采採彩踩睬
tsʰai	5	菜蔡
dzai	2	柴才財材豺纔裁
dzai	6	在寨□[～雨：淋雨]
sai	1	篩衰釃[～酒：斟酒]
sai	3	摔甩灑-
sai	5	帥率=[(1)統～]蟀=曬賽塞[(2)可做屏障的險要地方：邊～]
kai	1	街階該皆
kai	3	解改
kai	5	蓋界芥疥戒械
kʰai	1	開揩=
kʰai	3	凱愷鎧楷
kʰai	5	概慨
ŋai	1	哀娭唉[(1)～聲嘆氣]挨[(1)順着、靠近]
ŋai	2	埃挨[(2)遭受、拖延]呆-癌皚
ŋai	3	矮
ŋai	5	愛媛曖
ŋai	6	雁艾礙隘藹靄
xai	1	哈揩-[(又)]
xai	3	海嗨
xai	5	揩-[(又)]
ɣai	2	鞋孩還[(2)～要]
ɣai	6	害嗐[悔之莫及時的嘆氣聲]蟹
ai	1	哎唉[(2)表驚奇]
ai	3	唉[(3)表滿足]
ai	5	唉[(4)表否定]
ai	6	唉[(5)表後悔]
pao	1	包苞孢胞褒[(又)]
pao	3	寶飽保堡褒[(又)]煲葆褓鴇
pao	5	報豹
pʰao	1	泡拋脬[尿～]
pʰao	3	跑
pʰao	5	炮泡[(2)～菜]雹疱爆
bao	2	袍咆庖刨[(1)挖、刮：～肉皮]浮-
bao	6	暴曝抱鮑刨[(2)指錛子或用錛子刨：～子]
mao	1	貓
mao	2	毛牦矛茅蝥蟊錨
mao	3	卯鉚昴
mao	6	冒帽瑁貌耄袤冇
tao	1	刀
tao	3	島禱倒[(1)打～；～賣]
tao	5	到倒[(2)與正相反]
tʰao	1	滔韜掏燾縧饕
tʰao	3	討
tʰao	5	套
dao	2	逃桃咷啕陶萄淘綯濤
dao	6	道導稻盜蹈悼
nao	2	撓蟯
nao	3	腦惱堖瑙
nao	6	鬧癆[(存疑)用藥毒害：～人藥]
lao	1	臊㧯[抓起：～起鋤頭就走]□[～瘡子：疥瘡]
lao	2	勞撈癆澇嘮嶗牢撩-[掀起：～開帳子]
lao	3	老姥佬
lao	5	絡[(1)用線或繩子纏住：雞腳得紗線～起嗒]
tsao	1	糟遭
tsao	3	早棗爪蚤澡藻
tsao	5	灶躁[(又)]燥罩□[趵、跳躍]
tsʰao	1	操抄鈔綽[(俗字)抓取：～起事就做]
tsʰao	3	草騲[雌性動物：～豬]肏吵炒
tsʰao	5	糙噪=[～音]躁[(又)]□[從物體的底部往上撬：把箇塊泥～起翻過來]
dzao	2	曹槽嘈漕巢噪-[大聲叫嚷]
dzao	6	造皂唣𪣝[山坳]□[錯誤：箇隻事聽我箇冇～：這件事聽我的不會錯]
sao	1	騷搔梢捎艄筲[～箕：用于淘米洗菜等的竹器，形如簸箕]
sao	3	嫂稍掃[(又)]
sao	5	瀦哨掃[(又)]
kao	1	高膏羔糕皋膠-跤-[摔一～]
kao	3	稿搞[(1)]槁縞攪-
kao	5	告誥教-窖覺-[睏～]叫[(2)～花子]
kʰao	1	敲-
kʰao	3	考拷烤銬[(又)]睾
kʰao	5	靠犒銬[(又)]
ɡao	2	搞[(2)你看他箇隻～頭子：你看他這副折騰的樣子，帶有厭煩情緒]
ŋao	1	爊[泛指炒菜：～菜]
ŋao	2	搖-翱敖遨熬[(又)煎：～藥；燉：～骨頭湯；蒸：～酒]鰲鏖
ŋao	3	襖咬-[狗吠或咬人]嗷[(又)～嗚，老虎叫，大人模仿以嚇唬小孩]
ŋao	5	坳拗奧澳懊凹傲聱
ŋao	6	熬[(又)煎：～藥；燉：～骨頭湯；蒸：～酒]
xao	1	蒿薅
xao	3	好[(1)～壞]郝
xao	5	耗好[(2)喜～]
ɣao	2	豪壕嚎濠毫嗥號[(2)～啕大哭]
ɣao	6	號[(1)～召]浩皓
ao	3	嗷[(又)～嗚：老虎叫，大人模仿以嚇唬小孩]
məo	2	謀牟眸
məo	3	畝某
məo	6	貿茂
təo	1	逗[(1)～狗]兜蔸篼
təo	3	斗[量具，折合十升]抖陡蚪
təo	5	鬥[～爭]
tʰəo	1	偷
tʰəo	5	透
dəo	2	頭投
dəo	6	豆痘逗[(2)～號]
ləo	1	□[(又)蹲]□[老人的身體由於自然衰老而每況愈下]
ləo	2	婁樓
ləo	3	摟簍僂嘍螻髏鏤
ləo	6	漏陋瘻□[反復念叨；自言自語]
tsəo	1	鄒諂□[(又)蹲着]
tsəo	3	走
tsəo	5	皺奏揍
tsʰəo	1	搊[～尿：給小孩把尿]
tsʰəo	5	湊
dzəo	2	愁
səo	1	搜餿嗖艘
səo	3	叟擻
səo	5	瘦嗽
kəo	1	勾溝鉤篝鬮
kəo	3	狗苟枸佝峋
kəo	5	夠構購媾
kʰəo	1	摳瞘[眼窩深陷]
kʰəo	3	口
kʰəo	5	叩扣寇蔻
ŋəo	1	歐謳毆鷗□[很髒，看起來使心裏不舒服]
ŋəo	3	偶耦藕嘔
ŋəo	5	慪[～氣：生悶氣]漚[久浸使變化：～淤]
xəo	1	齁䞀[貪心大：他就是～心大]
ɣəo	2	侯喉猴吼
ɣəo	6	后後厚候
piəo	1	猋飆鰾膘鏢鑣標=彪=
piəo	3	表婊裱
pʰiəo	1	飄縹漂[(1)～流]標-彪-
pʰiəo	3	瞟漂[(2)～白]
pʰiəo	5	票漂[(3)～亮]
biəo	2	瓢嫖薸[浮～：浮萍]
miəo	1	喵
miəo	2	苗描瞄
miəo	3	秒眇渺緲淼藐邈
miəo	6	廟妙謬
tiəo	1	刁貂雕凋碉挑[(2)用針等將嵌入縫中或其它物體中的東西取出：把肉裏頭箇竹籤子～出來]
tiəo	3	鳥-屌[男性生殖器]
tiəo	5	釣吊[(又)]弔掉調[(2)～動；音～]
tʰiəo	1	挑[(1)擔：～擔子]佻祧[大～屋：堂屋，有神龕、祭祀先人的正廳]
tʰiəo	3	斢[兌換：～谷種]窕
tʰiəo	5	糶跳眺
diəo	2	條調[協～]迢笤髫
diəo	6	吊[(又)]
liəo	1	□[用棍子等扒開：～火；豬等用嘴拱：～山豬]撩=[(又)]
liəo	2	遼療聊嘹獠繚燎僚撩=[(又)]
liəo	3	了
liəo	6	料撂廖□[用針線將衣服破爛處縫合]
tɕiəo	1	招昭沼詔釗交郊膠=跤=茭姣佼澆嬌驕矯椒焦蕉礁繳-朝[(2)早上：～陽]
tɕiəo	3	僥狡餃絞鉸蛟皎剿繳=攪=
tɕiəo	5	照叫[(1)～喊]較校[(2)(又)～對]教=覺=[(1)隧～]
tɕʰiəo	1	超鍬邀-敲=[推～]雀-[麻～子]鵲-[鼻～子]繰[將衣曜或帶子的布邊往裏卷，再用針縫，以使其不露針腳：～邊]蹺[(2)高～]
tɕʰiəo	3	巧悄蹺[(3)蹊～：奇怪]
tɕʰiəo	5	竅俏峭鞘撬翹蹺[(1)～二郎腿]
dʑiəo	2	朝[(1)～南；～拜]潮嘲晁喬僑蕎橋瞧樵
dʑiəo	6	召兆趙轎藠肇[～事]
ȵiəo	1	嬈[愛扮俏]□[～～：女孩子紮起來的短髮]
ȵiəo	2	堯饒
ȵiəo	3	嬲鳥=裊蔦杳
ȵiəo	6	尿
ɕiəo	1	肖[(1)姓]逍消宵霄銷硝蕭簫瀟囂梟燒驍
ɕiəo	3	小曉少[(1)多～]淆
ɕiəo	5	笑嘯少[(2)～年]孝哮酵肖[(2)不～之子]
ʑiəo	2	韶玿
ʑiəo	6	紹邵效校[(1)學～；(2)～對]
iəo	1	幺吆夭妖要[(2)～求]腰邀=
iəo	2	窯謠搖=徭遙瑤鷂姚餚爻
iəo	3	繞撓舀咬=
iəo	5	耀=要[(1)重～]
pei	1	杯卑碑悲裴背[(1)～黑鍋]
pei	5	貝狽鋇輩悖背[(2)腰～]
pʰei	1	坯胚
pʰei	3	呸
pʰei	5	配佩沛帔轡
bei	2	賠陪培蓓
bei	6	倍棓焙背[(3)～誦]備=憊被=
mei	1	霉[(又)]妹[(變調)妹～]
mei	2	梅霉[(又)]莓酶枚玫媒煤
mei	3	每美鎂
mei	6	妹[(又)]昧寐魅媚袂
ɸei	1	飛非菲扉啡緋蜚霏痱[沙～子]灰恢詼咴揮暉輝麾徽妃
ɸei	2	□[～一臉絨痰：噴了一臉唾沫，意即呸人]
ɸei	3	匪誹俳毀翡悔誨否=[(1)～定]□[嘔吐]
ɸei	5	肺廢諱[(又)]吠晦費狒沸[(又)]
βei	2	肥淝回茴洄蛔
βei	6	匯彙卉諱[(又)]會[(1)～議；～合]薈繪賄彗慧穢惠蕙穗-
tei	1	堆
tei	3	躉[整批、整數]
tei	5	隊對兌碓[～窾：舂米的工具]
tʰei	1	推[(又)]
tʰei	2	頹
tʰei	3	腿□[將用肥皂洗過的衣服在清水中漂洗乾淨]
tʰei	5	退煺褪蛻
dei	6	袋-隊[～窠裏：一起玩的朋友；打～：作伴]
nei	6	內餒
lei	1	拿-
lei	2	雷擂檑鐳羸蕾
lei	3	呂侶鋁櫚閭耒誄壘磊儡纍[～計]累[(1)連～；湊～：爲湊數反而礙事]
lei	6	類淚銳慮濾=累[(2)勞～]□[發～話：亂說話]
tsei	1	追隹騅錐
tsei	2	卒-𡎺[塞、堵：～火]
tsei	3	嘴咀
tsei	5	最醉=
tsʰei	1	崔催摧推[(又)]吹=炊
tsʰei	2	□[走路踉蹌]
tsʰei	3	璀□[說的話使人氣餒或難堪]
tsʰei	5	脆淬啐粹翠悴瘁碎-
dzei	2	隨[(又)]垂[(又)]
dzei	6	罪
sei	1	雖=
sei	3	水=
sei	5	歲稅遂燧隧邃祟穗=碎=
zei	2	誰垂[(又)]錘=隨[(又)]隋
zei	6	睡
ei	3	欸[表應諾]
kuei	1	歸規龜皈閨圭硅
kuei	2	骨-
kuei	3	軌詭晷鬼
kuei	5	貴桂鱖
kʰuei	1	虧盔窺
kʰuei	2	桅-□[人體踡縮或將硬而直的物體弄彎]
kʰuei	3	傀跪[(又)]
kʰuei	5	愧饋潰匱聵簣
ɡuei	2	葵睽魁奎跬逵馗夔
ɡuei	6	櫃跪[(又)]
uei	1	威煨巍
uei	2	爲[(又)]圍違危桅=唯惟維微
uei	3	韋偉闈葦緯僞[(又)]委逶諉痿萎尾=娓
uei	5	畏猥胃[(又)]謂渭猬尉蔚慰餵=衛僞[(又)]
uei	6	未味位魏胃[(又)]爲[(又)]
kuai	1	乖
kuai	3	拐□[女性生殖器]
kuai	5	怪夬
kʰuai	1	□[那隻～：那個樣子，帶有鄙視]
kʰuai	3	劊[(又)]擓[挎、挽：～隻籃子]
kʰuai	5	快筷會[(2)～計]儈膾噲劊[(又)]
ɡuai	2	摑[好生～你一餐：好生打你一頓]
uai	1	挖-□[玩、吵鬧]
uai	2	懷[(2)現～：指孕婦腹部外凸，讓人看得出懷孕了]
uai	3	歪崴[～嗒腳：扭了腳]
uai	6	外
tou	1	都
tou	2	督賭[(變調)]
tou	3	堵睹賭[(又)]篤肚[(又)]□[舉起]
tʰou	2	突禿
tʰou	3	土
tʰou	5	獨讀毒吐兔
dou	2	徒途塗圖屠犢
dou	6	杜妒蠹牘竇瀆黷度渡鍍肚[(又)]
nou	2	奴孥
nou	3	努弩胬
nou	6	怒
lou	1	𨫒[鐵生鏽：刀子～箇嗒]
lou	2	爐蘆廬盧壚瀘轤鸕顱鱸
lou	3	魯櫓卤虜擄
lou	5	六陸錄綠祿碌戮賂鹿轆麓漉[～魚：撈魚]
lou	6	路露璐鷺
tsou	1	租撮
tsou	2	足卒=
tsou	3	組阻祖詛
tsou	5	做
tsʰou	1	粗初
tsʰou	2	促蹙族鏃蔟簇
tsʰou	3	礎楚
tsʰou	5	醋
dzou	2	鋤
dzou	6	助
sou	1	蘇梳疏蔬酥
sou	2	俗夙肅謖速[(又)]宿續縮-
sou	3	數[(1)動詞，～星星]
sou	5	訴素嗉數[(2)名詞，～量]
ou	1	𡂿[～詠似嘆之辭]
tiou	1	丟
liou	1	溜[(1)光滑：～滑；滑：～冰]熘遛[偷偷走開]餾鎦𥉳[眼睛四處看]
liou	2	劉瀏留硫琉溜[(2)迅速：～勢]
liou	3	柳榴[(又)]綹[將繩子編起來]
liou	6	瘤榴[(又)]□[太熟悉：箇條路我走～嗒]
tɕiou	1	周舟州洲啾揪鬏糾赳鳩
tɕiou	2	竹築燭囑祝粥帚菊-
tɕiou	3	久酒九玖灸韭
tɕiou	5	救晝咒柩疚咎究㲃[擰、扭]
tɕʰiou	1	秋鰍抽丘邱蚯
tɕʰiou	2	畜[(1)～牲]觸束曲蛐麯軸=
tɕʰiou	3	丑醜
tɕʰiou	5	臭
dʑiou	2	仇酬囚泅求球裘酋遒虬售-綢稠惆儔疇躊籌□[名詞，指毛栗或板栗等帶刺外殼的一整顆，如：板栗～子；也用作量詞：一～板栗]
dʑiou	6	舊舅就肘紂籀宙妯軸-袖-
ȵiou	1	扭[(又)]
ȵiou	2	牛
ȵiou	3	紐鈕忸[～怩]扭[(又)]
ȵiou	5	肉蟻-褥-
ɕiou	1	收休咻修羞
ɕiou	2	宿粟蓄畜[(2)～牧業]叔淑菽孰塾蜀□[膩煩：餐餐吃魚，我都吃～嗒]
ɕiou	3	手守首朽□[吝嗇且不樂於助人：～里～氣]溲[排洩糞便：解～]
ɕiou	5	熟贖屬秀繡鏽袖=嗅溴獸
ʑiou	6	受授綬壽售狩售=
iou	1	優憂悠幽□[將纏好的線團迴鬆一段]
iou	2	由油郵蚰尤猶疣魷游遊柔揉蹂糅煣[用火烤木以使其彎曲]
iou	3	友有酉牖
iou	5	幼育佑[(又)]欲辱耨褥=鬱宥囿誘鼬柚釉鈾獄浴幼□[顆粒或莖桿很細：～鐵絲]
iou	6	右佑[(又)]又
pan	1	班斑癍瘢頒掰扳扮番-[～椒：辣椒]
pan	3	板版舨坂
pan	5	跘[～一跤：摔一跤]𢴬[～禾：打稻]
pʰan	1	攀番=[(2)～禺：廣東地名]
pʰan	3	乓[(又)]
pʰan	5	盼鋬[露物的提手：茶壺～]襻[布做的鈕扣套：鞋～子；用線或繩等使分開的東西連在一起，用繩子～嗒：提起鞋後幫穿鞋：把鞋子～起]派-
ban	6	辦瓣
man	2	蠻
man	3	晚-[最小的：～崽；～～：叔叔]
man	6	曼慢漫謾幔蔓邁㿸[身上的污垢]
ɸan	1	番=[(1)]蕃翻藩
ɸan	3	反返
ɸan	5	販泛范範
βan	2	凡礬帆煩樊繁蘩桓寰繯䴉完=[(又)]丸=[(又)]環還[(1)～原]
βan	6	飯犯梵
tan	1	單鄲殫單丹眈耽擔[(1)動詞，挑]
tan	3	膽疸
tan	5	旦擔[(2)名詞、量詞]誕[(1)～生]石[(2)十斗，一～米]
tʰan	1	貪灘攤癱坍
tʰan	3	毯坦袒□[用明火將褪了毛的動物身上餘下的絨毛燒掉]
tʰan	5	嘆探炭碳
dan	2	彈撣談罈壇曇檀覃譚潭燂[用明火烤竹木以使彎曲或變直]
dan	6	但蛋淡氮憚誕[(2)怪～]□[～樓板：鋪設樓板]
nan	2	男南楠脯難[(1)～怪；～點]
nan	5	□[皮膚上的小斑點：～子]
nan	6	難[(2)～民]
lan	1	籃-
lan	2	蘭攔欄藍籃=闌瀾斕婪嵐
lan	3	覽攬纜欖懶
lan	6	爛濫
tsan	1	簪糌
tsan	3	斬嶄盞攢[(1)～勁：趕緊]
tsan	5	贊濺蘸綻湛䋎[縫補：～釦子]站[(1)動詞，～立]
tsʰan	1	餐參[(1)～加]摻驂攙
tsʰan	3	產鏟慘闡
tsʰan	5	燦懺粲璨孱
dzan	2	殘蠶慚痰讒饞禪嬋潺鑱[用針等刺]
dzan	6	暫鏨塹棧賺[獲得利潤：做生意～錢]掙[(1)用勞動換取：打工～錢]站[(2)名詞：～台]
san	1	山舢三叁弎刪跚姍衫閂拴栓
san	3	傘散[(又)]
san	5	散[(又)]汕疝訕涮[漱洗：～瓶子，～口]
kan	1	甘柑坩疳昔間[(1)中～；一～房]乾=[～柴；～孃：～淨；～杯]干[天～]奸姦肝酐艱尷
kan	3	敢橄桿趕感碱-減擀揀簡柬□[添～：再喫一碗飯]
kan	5	淦贛監鑑艦諫間[(2)～隔]鐧澗幹[能～；～部]墈[田塍～子]
kʰan	1	刊嵌龕勘堪戡□[裝東西時比預定量少：箇籮穀還～嗒滴嘰]
kʰan	3	砍坎侃檻
kʰan	5	看瞰闞
ŋan	1	安按鞍氨庵鵪淹-諳
ŋan	2	顏□[深洞：窖～]
ŋan	3	眼埯[播種時挖的小坑：窾子～；量詞，兜，一～花生]
ŋan	5	按案暗黯盎晏[遲、晚：～箇一點鐘嗒]
ŋan	6	岸
xan	1	酣憨鼾夯頇[壯實：～實]熯[焙或用少量的油煎：把水～乾]嫨[做事不急，拖時間，他做事蠻～]
xan	3	喊
xan	5	漢翰瀚撼[(又)]
ɣan	2	含韓寒閑嫻癇咸鹹銜邯函涵=[～洞]
ɣan	6	旱捍悍焊限罕汗=頷莧陷餡憾撼[(又)]
pian	3	餅-
pian	5	□[藏起來：他把那本書～箇嗒]
pʰian	3	片-□[平攤：費用三個人～]
bian	2	平-坪
bian	6	病-
mian	2	名-明-
mian	3	悶-
mian	6	命-[(2)名詞，壽～]
tian	1	叮-釘-[(2)名詞：～子]沾=粘=
tian	3	鼎
tian	5	釘-[(1)扔、拋：撿塊石頭～狗；動詞：～門架]
tʰian	1	廳-梃[床～，床兩頭可以靠背的直立的木條]
tʰian	3	躺-挺-
tʰian	5	聽-[(1)～見]
dian	6	□[離家出外：出～]
lian	2	鄰-零-
lian	3	領-嶺-
lian	6	□[擱置一旁不管]
tɕian	1	精-□[收～：爲走家的小孩收魂的一種迷信活動]
tɕian	3	診-整-井-頸-
tɕian	5	鏡-□[～～：剛剛]
tɕʰian	1	青-清-圊-鯖-輕-
tɕʰian	3	請-
tɕʰian	5	磬
dʑian	2	晴-
dʑian	6	□[注意不弄髒：路上泥多，要～嗒走；不過分：好東西要～嗒喫]
ȵian	2	□[擡、扛：把箇張桌子～起走]
ɕian	1	聲-星-
ɕian	3	醒
ɕian	5	腥-
ʑian	2	成-[(1)成功：箇隻事做～嗒(這件事做成了)；(3)姓]
ian	1	縈-[纏繞：把繩子～起]
ian	2	贏
ian	3	影-
ian	5	□[看守：～牛]
ian	6	□[閃爍：～雷火]
kuan	1	關綸[(2)]鰥觀[(1)～察]
kuan	5	慣
kʰuan	1	匡框眶誆筐=
kʰuan	3	哐
ɡuan	6	□[將分成了兩片的物體對攏：把門～攏]
uan	1	彎壪灣豌
uan	2	完=[(又)]玩頑丸=[(又)]紈還-[(1)～債]
uan	3	挽娩晚=宛惋蜿剜腕皖綰□[(原文作𢱉)舀：～碗水]𢱉[舀：～碗水]
uan	6	萬
tɕyan	1	蜷=[身體彎曲：～做一坨]
tɕʰyan	1	圈[(又)]
dʑyan	2	瘸[(存疑)手或腳殘廢：手～箇嗒，端碗都端不好]
ɕyan	5	揎[(存疑)扔、丟：箇個爛東西要～箇]
yan	1	蜷-[身體彎曲：～做一坨]縈-[纏繞：把繩子～起]
yan	6	揎[(存疑)扔、丟：箇個爛東西要～箇]
pəŋ	1	繃嘣
pəŋ	2	嘭[鼓聲，小孩稱鼓爲「～～」]
pəŋ	3	□[山頂：～上]
pəŋ	5	泵蹦
pʰəŋ	1	蜂-□[跑步或爲某事奔忙]
pʰəŋ	3	捧抨[～擊]砰
pʰəŋ	5	碰椪[～柑]
bəŋ	2	朋棚鵬蓬篷芃□[跑]
məŋ	1	蒙[(1)遮蓋：～嗒眼睛；用皮子等繃在圓筒上做成鼓：～張鼓]
məŋ	2	蒙[(2)啟～；～古]朦檬濛
məŋ	3	猛螺懵錳
məŋ	5	□[～古卵：沒見過世面的人]
məŋ	6	夢
ɸəŋ	1	風楓瘋封豐分[(1)一～錢，～離]芬吩紛氛峰烽鋒酆蜂=昏=婚=葷=
ɸəŋ	3	粉諷
ɸəŋ	5	奮噴憤糞忿[(1)～恨]
βəŋ	2	墳焚橫豶[雄性牲畜：～豬]逢縫[(1)動詞：～紉]魂餛
βəŋ	6	混詳分[(2)過～]份忿[(2)～氣子，生悶氣]奉俸鳳縫[(2)名詞：～隙]
təŋ	1	東冬咚敦墩[土堆，土～]礅[厚而粗的整石，石～]□[～起箇痛：一下一下地跳痛]
təŋ	3	董懂
təŋ	5	頓凍棟盾飩燉砘□[豎立放置]
tʰəŋ	1	通嗵
tʰəŋ	3	桶捅統□[物件從附着物上掉下：褲～箇嗒]□[踩：～箇一腳水]
tʰəŋ	5	痛慟
dəŋ	2	同筒桐銅酮茼[～蒿]胴[軀體：屁股～子]童僮潼瞳屯囤豚臀彤蹾[跺腳]
dəŋ	6	動侗洞鈍遁
nəŋ	6	嫩
ləŋ	1	聾
ləŋ	2	農膿濃噥倫淪輪綸[(1)尼～]龍籠[(1)再～子、～著手]瓏壟嚨瓏櫳朧曨眬蘢[蒜～：蒜芯]
ləŋ	3	籠[(2)～統]攏[靠～]
ləŋ	5	□[勞動：他～箇一天]□[動詞，動：莫～，好些聽課]弄[(1)名詞，小巷：～子屋]
ləŋ	6	論弄[(2)動詞：玩～]
tsəŋ	1	終中[(1)～間]忠盅鐘鍾衷宗綜棕踪鬃蹲
tsəŋ	3	總腫種冢踵
tsəŋ	5	眾縱粽俊峻竣駿中[(2)～毒]
tsʰəŋ	1	村沖衝充舂匆蔥聰
tsʰəŋ	3	寵忖聳㩳[推：～他出門]
tsʰəŋ	5	寸銃
dzəŋ	2	蟲存旬詢荀徇循巡叢樅[～樹]崇淙重[(1)～複]
dzəŋ	6	仲誦重[(1)～量]
səŋ	1	孫猻松[馬尾～]鬆[放～]凇淞嵩
səŋ	2	㞞[小氣或貪得無厭]
səŋ	3	慫悚損筍隼榫
səŋ	5	宋送訟遜巽頌擤[按住鼻孔用力出氣使鼻涕排出：～鼻涕]
kəŋ	1	工功攻公蚣弓躬宮肱恭
kəŋ	3	鞏拱汞龔
kəŋ	5	供[(2)做奉神佛，～果]貢羾[(存疑)貓着腰鑽過去]
kʰəŋ	1	吭鏗空[(1)～間；～手]
kʰəŋ	3	孔恐
kʰəŋ	5	空[(2)～隙；～閑]控
ɡəŋ	2	□[～綠：很綠]
ɡəŋ	6	共
xəŋ	1	轟烘
xəŋ	3	哄
ɣəŋ	2	紅洪鴻馮弘宏蕻[(2)雪裏～]虹=□[火燒得旺：煮蔬菜要～火]
ɣəŋ	6	蕻[(1)某些蔬菜的長莖：白菜～子]□[火苗竄得高：火～出竈眼嗒]
piəŋ	1	兵賓儐濱檳繽臏鑌[～鐵：白鐵]彬斌冰
piəŋ	3	本苯丙柄炳擯稟秉餅=
piəŋ	5	并併迸殯鬢笨
pʰiəŋ	1	拼姘
pʰiəŋ	3	品乒
pʰiəŋ	5	牝聘
biəŋ	2	貧瓶屏盆憑頻瀕顰平=評蘋[苹]萍
biəŋ	6	病=並[～排]□[水溢出]
miəŋ	1	燜[用小火把食物煮熟：～飯]蚊-
miəŋ	2	門們民緡[～錢：銅錢]閩鳴冥溟暝瞑螟名=明=萌盟
miəŋ	3	敏皿抿邑憫銘酩悶=
miəŋ	6	膩-[(又)]命[(1)動詞，～令；(2)名詞：壽～]
tiəŋ	1	丁叮=盯疔釘=[(2)名詞：～子]砧[～板]
tiəŋ	3	頂酊
tiəŋ	5	訂釘=[(1)動詞：～門架]
tʰiəŋ	1	廳=聽[(2)量詞：一～罐頭]
tʰiəŋ	3	艇鋌挺=
tʰiəŋ	5	聽=[(1)～見]
diəŋ	2	亭婷停廷庭蜓霆沉-
diəŋ	6	定錠淀靛澄-[使液體裏的固體雜質沉淀：把泥巴水～清]
liəŋ	1	□[偷偷地：～嗒去打麻將]
liəŋ	2	林淋琳霖磷麟粼嶙遴鱗臨鄰=憐[(又)]零=
liəŋ	3	凜冷=領=嶺=
liəŋ	6	另賃藺躪吝=
tɕiəŋ	1	真巾斤今金京驚鯨正[(2)～月]征徵經精=睛兢晶荊旌津筋禁[(又)]襟烝蒸針斟甄箴珍胗貞偵幀[量詞，幅：一～像]
tɕiəŋ	3	緊錦謹饉瑾槿盡[(又)]診=疹拯整=枕景憬警井=頸=
tɕiəŋ	5	正[(1)～路；～直]政證症鎮振震賑進勁莖徑脛痙競竟境鏡=敬晉縉覲浸禁[(又)]
tɕʰiəŋ	1	郴親[(1)～密]抻[伸直：把手～開]稱-[(1)～讚；～穀]青=清=圊=鯖=蜻輕=氫卿欽
tɕʰiəŋ	3	懲逞騁寢撳[按：～緊]請=□[～起一下：猛的一下]
tɕʰiəŋ	5	僅侵慶罄凊[涼：～涼]親[(2)～家，兩家兒女相配的親戚關係]稱[(2)適合：～心]秤沁趁=
dʑiəŋ	2	陳程塵臣成=[(1)成功：箇隻事做～嗒(這件事做成了)；(2)～績；收～]城誠擎情晴=尋丞呈芹秦琴禽擒噙勤橙澄=[～清事實]□[彎着腰像駝子]沉=[沉着]
dʑiəŋ	6	淨靜靖鄭近陣盡[(又)]燼趁-□[～豬入箇：罵人的話]
ȵiəŋ	2	寧擰檸濘獰凝迎吟垠銀齦人-
ȵiəŋ	3	□[～子：豆角等的藤上長的蟲，小而密；用以形容擁擠的樣子：人都～起嗒]
ȵiəŋ	6	認佞吝-
ɕiəŋ	1	心芯[(1)裝在器物中心的捻子：蠟燭～]新薪興[(1)流行：時興]身深欣凶兇洶兄匈胸升昇陞申伸呻紳砷辛鋅莘馨鑫星=猩聲=
ɕiəŋ	3	審嬸沈惺[假～～]醒=□[不厭其煩]
ɕiəŋ	5	信性姓慎聖勝盛滲甚葚蜃汛訊腎興[(2)快樂：高～；開始，～風作浪]芯[(2)蛇的舌頭：蛇吐～]囟[～門：嬰兒頭頂骨未合縫的地方]□[用小火烤或煎熬：飯乾水嗒，～一下就要的嗒]□[～膚子：睪丸]□[不厭其煩]
ʑiəŋ	2	繩=神形刑邢行=[(1)～路]型雄熊辰唇娠晨乘塍[田間的土梗：田～]
ʑiəŋ	6	剩
iəŋ	1	音英瑛因茵姻陰蔭殷鷹膺鶯罌嬰嚶纓瓔櫻鸚蠅雍壅臃慵
iəŋ	2	仁淫寅瓤戎絨茸容蓉溶榕熔融冗盈楹庸瑩熒[(又)]人=
iəŋ	3	擁甬俑湧恿蛹踴勇引蚓隱癮忍尹飲郢潁穎影=
iəŋ	5	應印胤映
iəŋ	6	用傭任刃
kuəŋ	3	袞滾磙輥
kuəŋ	5	棍棒[(2)玉米～子]
kʰuəŋ	1	坤昆葷-婚-昏-渾[混濁：～水子]
kʰuəŋ	3	捆
kʰuəŋ	5	困睏
uəŋ	1	溫瘟翁嗡
uəŋ	2	文紋蚊雯蚊=吻聞
uəŋ	3	穩刎
uəŋ	5	甕蕹悶-搵[用東西捂住]
uəŋ	6	問紊
tɕyəŋ	1	軍君均鈞諄
tɕyəŋ	3	準窘
tɕyəŋ	5	圳
tɕʰyəŋ	1	春椿蝽逡
tɕʰyəŋ	3	蠢頃傾
dʑyəŋ	2	群裙鶉
dʑyəŋ	6	菌郡
ɕyəŋ	1	勳熏薰醺
ɕyəŋ	5	訓馴殉舜瞬楦[(又)～頭：塞在新做的鞋裏，便其定型]
ʑyəŋ	2	純蒓淳醇
ʑyəŋ	6	幸順
yəŋ	1	暈氳
yəŋ	2	云雲芸耘勻營榮瑩瀅縈=瀠螢=熒[(又)]
yəŋ	3	永詠允隕殞
yəŋ	5	蘊
yəŋ	6	運醞泳閏孕韻熨鄆惲
poŋ	1	邦幫梆□[在旁邊加支撐物使穩固：～壁頭]浜[沙家～]
poŋ	3	綁榜膀謗棒[(1)冰～]
poŋ	5	磅[(1)～秤]鎊□[躲起來或藏起來]
pʰoŋ	3	乓[(又)]
pʰoŋ	5	胖
boŋ	2	旁傍滂膀螃磅[(2)～礴]彷龐
boŋ	6	蚌湴[～田：泥腳很深的田]
moŋ	2	忙盲氓茫芒硭
moŋ	3	莽漭蟒網-
moŋ	5	望-
toŋ	1	當[(1)～家；～面]襠鐺
toŋ	3	擋黨
toŋ	5	當[(2)恰～；～鋪]檔壋[地方：你住嗒哪～嘰，你住在哪裏]
tʰoŋ	1	湯
tʰoŋ	3	趟[(又)]倘淌躺=
tʰoŋ	5	燙趟[(又)]
doŋ	2	唐糖塘搪瑭煻[～灰，帶餘熱的灰]赯[紅色：紫～色臉]溏[不凝結、半流動的：～心蛋]棠堂膛螳
doŋ	6	蕩凼[水坑或田里漚淤的小坑，糞～子]
loŋ	1	□[圓圈：他胖起頸頸高頭一道～(他胖得脖子上肉疊起)]□[～稀：很稀]
loŋ	2	狼鋃瑯郎廊榔螂
loŋ	3	朗冷-
loŋ	6	浪□[掛到空中或放在樓上使不着地：把穀～到樓上]□[豬～子：公豬；使母豬交配而受孕亦稱～，動詞]
tsoŋ	1	莊樁贓髒[～亂差]臧椿裝=妝爭-
tsoŋ	5	葬壯奘
tsʰoŋ	1	倉蒼瘡滄艙囪窗撐
tsʰoŋ	3	撞闖
tsʰoŋ	5	嗆創愴戧[打樁以支持：打～，～壁頭]
dzoŋ	2	床藏[(1)躲～]
dzoŋ	6	狀臟[心～]藏[(2)～族；寶～]
soŋ	1	雙桑霜孀礵喪[(又)]生-□[瘟～：瘟鬼，罵人的話]
soŋ	3	爽嗓磉[柱子石墩]饊[油～子：麻花]□[量詞，一段、一截：一～甘蔗]
soŋ	5	喪[(又)]
koŋ	1	光岡剛崗綱鋼[(1)～鐵]缸漿[(2)～坨子]
koŋ	3	廣港
koŋ	5	槓肛虹-鋼[(2)刀刃上加鋼，重新打造：把菜刀～下]
kʰoŋ	1	康慷亢坑伉骯
kʰoŋ	3	𠻞[咳嗽]
kʰoŋ	5	曠礦況抗
ɡoŋ	2	狂誑
xoŋ	1	方芳荒慌肓糠
xoŋ	3	謊仿紡訪恍
xoŋ	5	放晃
ɣoŋ	2	房妨防坊肪彷皇凰遑惶煌蝗杭航行-[(1)動詞，走：～路；(2)名詞，橫～]桁[檁：～條]黃=[(1)～瓜(2)姓]潢璜磺蟥簧上[樹上：樹～；樓上：樓～]
ɣoŋ	6	巷項□[抱：他一上來就～嗒我箇頸頸]
oŋ	1	汪
oŋ	2	王忘[(又)]亡黃-[(1)～瓜]
oŋ	3	往網=
oŋ	6	旺妄忘[(又)]枉望=
lioŋ	2	涼晾[(又)]良糧莨[～綢]梁粱量[(1)測：～體溫]
lioŋ	3	兩倆輛魎
lioŋ	6	亮量[(2)限度：膽～；數目：數～；估計：～刑]諒晾[(又)]
tɕioŋ	1	江張章彰獐蟑樟姜薑漿[(1)豆～]將[(1)～就；～軍]裝[盛、放：～飯]
tɕioŋ	3	漲掌獎蔣槳講=長[(1)生～]
tɕioŋ	5	醬將[(2)～領]降[(1)～落]絳帳賬脹障幛嶂瘴仗[(2)打～]
tɕʰioŋ	1	昌倡菖猖娼倀槍疆僵繮腔羌蜣鏘筐-
tɕʰioŋ	3	廠搶敞
tɕʰioŋ	5	唱暢悵戧[歪、斜：～對門]
dʑioŋ	2	場腸詳-祥-翔-強[(1)堅～]襁墻薔檣嬙償[(又)]長[(2)～短]
dʑioŋ	6	丈仗[(1)～勢]杖象-像-匠強[(2)倔～]犟
ȵioŋ	1	□[搶着做但又毛里毛糙]
ȵioŋ	2	娘
ȵioŋ	3	仰□[抖動、顫動：把衣高頭箇灰～一下]
ȵioŋ	6	漾-釀壤[(又)]攘[(又)]嚷[(又)]讓[(又)]
ɕioŋ	1	鄉香相[(1)～當]廂湘箱襄鑲傷商熵
ɕioŋ	3	想響餉晌賞享饗
ɕioŋ	5	向相[(2)～聲]象=[～棋]像=[名詞：肖～]橡萫[向菜中加佐料：～料]
ʑioŋ	2	嘗償[(又)]尚[(又)]常嫦裳降[(2)投～]詳=祥=翔=
ʑioŋ	6	上尚[(又)]
ioŋ	1	央秧泱殃鴦鞅
ioŋ	2	羊洋烊[溶化、回潮：餅乾～箇嗒]佯徉陽揚楊瘍
ioŋ	3	養癢氧
ioŋ	6	樣漾=恙壤[(又)]攘[(又)]嚷[(又)]讓[(又)]
pẽ	1	般搬崩奔錛[刀刃出現缺口]
pẽ	5	半
pʰẽ	1	潘烹
pʰẽ	5	判叛拚[捨棄不顧：～命]□[將剩餘的全部買下：你箇點牛肉，我～嗒]
bẽ	2	盤磐蟠槃彭膨澎
bẽ	6	拌絆伴畔
mẽ	2	瞞
mẽ	3	滿[(1)～意；～場]蟎
mẽ	6	孟
ɸẽ	1	歡顴獾
ɸẽ	3	緩
ɸẽ	5	瘓喚煥奐渙
βẽ	2	涵-□[～心：心臟]
βẽ	6	換患宦幻汗-
tẽ	1	端燈登蹬鐙
tẽ	3	短等戥
tẽ	5	凳□[舞獅時，由領頭人或主人說的讚詞，一般只四句，一、二、四句押韻：喊～]斷[(又)]
tʰẽ	1	吞
tʰẽ	3	隥[(1)名詞，台階：石～子；量詞：箇間樓梯有二十～]喘湍□[掉下來]
tʰẽ	5	隥[(2)像台階一樣高低不平：地不平，有～；也喻指說話不連貫：講話打～]
dẽ	2	團摶誊騰滕藤□[挪開東西以留空放別的物品：～開塊壋好放穀]
dẽ	6	鄧段鍛緞斷[(又)]
nẽ	1	奶[(原文作𱙦)～嘰、～～：奶奶]𱙦[～嘰、～～：奶奶]
nẽ	2	能
nẽ	3	暖
lẽ	2	巒圞[圓：溜～的桌子]攣欒攣[蜷曲不能伸食：痙～]鸞鑾灤□[騙：他～嗒兩個錢就打牌]
lẽ	3	卵[(1)睾丸或陰莖：～睾子]
lẽ	6	亂□[確實：～是箇樣箇]
tsẽ	1	曾[(2)姓]增罾鑽[(1)穿過，～洞；帖營，～空子]爭=掙[(2)～扎]崢猙睜箏躦[向上或向前衝]
tsẽ	3	鑽[戳、捅：～黃蜂窩]
tsẽ	5	諍甑鑽[(2)打孔的工具：～子；用鑽子打孔：～眼]
tsʰẽ	1	汆攛躥
tsʰẽ	3	□[～冇：還差得遠]
tsʰẽ	5	襯憎贈蹭窗竄[(又)]篡
dzẽ	2	層曾[(1)～經；～孫]
sẽ	1	森僧酸生=牲笙甥參[(2)人～]
sẽ	3	省
sẽ	5	蒜算
xẽ	1	亨哼
xẽ	3	狠
ɣẽ	2	痕恆衡蘅
ɣẽ	6	恨
pĩ	1	鞭邊辮鯿
pĩ	3	貶砭扁匾蝙
pĩ	5	變
pʰĩ	1	編篇偏翩
pʰĩ	3	□[～子：尿布]
pʰĩ	5	遍騙片
bĩ	2	駢胼
bĩ	6	辨辯便卞汴
mĩ	2	綿棉=眠迷[(又)]
mĩ	3	免勉冕澠
mĩ	6	面湎緬謎膩-[(又)]覓[(又)]
tĩ	1	顛癲巔癜
tĩ	3	點[(2)～名；數～；九～鐘]典碘腆[挺着胸腹等：～起肚子]
tĩ	5	店掂惦踮=佃[(又)]
tʰĩ	1	天添
tʰĩ	3	忝舔=殄
dĩ	2	甜恬田填滇
dĩ	6	電殿墊甸奠簟鈿佃[(又)]
lĩ	2	連蓮漣鰱璉奩憐[(又)]聯廉臆鐮簾□[縫紉：～條長褲]
lĩ	3	臉斂
lĩ	5	□[～瓜：一種比黃瓜大的長而直的青皮瓜，味如黃瓜，可生喫，也可熟喫]□[在地上滾：打地～子]
lĩ	6	練煉戀鏈
tɕĩ	1	尖堅肩掮兼蒹箋緘菅籼[黏性小的稻子，與糯相對：～米]煎[(1)用油炸：～粑粑]沾-粘-氈-
tɕĩ	3	揀撿檢瞼繭剪翦蹇覓[將水引到家里或田地的長竹管]殮碱=碾=展-
tɕĩ	5	煎[(2)熬：～油、～藥]見劍建薦箭佔-戰-顫
tɕʰĩ	1	千仟遷殲釺扦=芊纖簽籤牽謙愆鉛=
tɕʰĩ	3	淺遣譴繾
tɕʰĩ	5	欠歉芡[～粉]倩
dʑĩ	2	錢前全詮荃痊醛泉鉗乾虔潛撏[撕扯毛髮：～毛]黔-纏-鬈[毛髮彎曲：～毛]
dʑĩ	6	踐賤餞健腱鍵儉件漸
ȵĩ	1	拈研[(又)]
ȵĩ	2	年言閻[(又)]嚴[(又)]燃-鮎[(又)]黏=
ȵĩ	3	染捻輦攆蹍[腳底來回拖動]碾-
ȵĩ	6	硬[(又)]硯[(又)]釅[(又)]念[(又)]驗[(又)]
ɕĩ	1	先仙掀-扦-煽搧-
ɕĩ	3	選冼險顯鮮蘚癬閃-陝-
ɕĩ	5	憲獻線羨腺現[(變調)]扇-[名詞：～子]
ʑĩ	2	嫌賢
ʑĩ	6	縣現[(又)]擅-善-膳-鱔-繕-
kĩ	1	根跟庚賡羹耕更[(2)三～半夜]
kĩ	3	耿哽梗鯁整[(訓讀)整數，無零頭：～數]□[蓋：～鍋蓋]
kĩ	5	更[(1)～加]
kʰĩ	3	肯墾懇啃
kʰĩ	5	裉
ɡĩ	6	掯[按、壓：～嗒牛去吃水]
ŋĩ	1	恩研[(又)]
ŋĩ	3	摁□[憋住氣：你～嗒箇口氣]
ŋĩ	6	硬[(又)]硯[(又)]釅[(又)]
ĩ	1	煙閹焉嫣閹醃湮胭=
ĩ	2	簷炎鹽延蜒筵然
ĩ	3	衍演厴[螺類殼口圓片狀的蓋或螃蟹腹下薄殼]魘掩罨埯[以土灰來等覆於物上]淹=□[不能滿足別人的意願：把東西搞好，莫～嗒人]□[用竹篾、藤等織的用以蒸或曬東西的物件，薄而平，通常爲圓形：粑～子]
ĩ	5	燕宴偃堰厭彥唁
ĩ	6	焰揞[撒粉末狀或小顆粒狀物品：～糖放粑粑高頭]
kuẽ	1	官棺倌觀[(2)～音菩薩]冠[(1)雞～子]乾-[與濕相對，～柴：沒有血緣關係而認的親：～孃]
kuẽ	3	館管稈[脫去穀粒後的稻桿]
kuẽ	5	貫摜灌罐冠[(2)～軍]觀[(3)道教的廟宇，道～]
kʰuẽ	1	寬髖
kʰuẽ	3	款窾
kʰuẽ	5	磡[垂直的陡坡：山～]
uẽ	3	碗
tɕyẽ	1	專磚捐涓鵑絹娟氈=
tɕyẽ	3	卷[(1)～尺，～閘門]錈[刀刃彎曲]轉[(1)改換：～變]展=
tɕyẽ	5	卷[(2)試～]佔=戰=轉[(2)捷動：～動]
tɕʰyẽ	1	穿川釧圈[(又)]
tɕʰyẽ	3	犬
tɕʰyẽ	5	勸串券
dʑyẽ	2	船權拳纏傳[(1)～播]
dʑyẽ	6	篆撰纂倦眷傳[(2)～記；～傳]
ȵyẽ	3	軟
ɕyẽ	1	宣萱喧暄渲揎[打：～他一隻耳巴子]軒掀=搧=
ɕyẽ	3	陝=閃=□[用勁大聲地罵]
ɕyẽ	5	楦[(又)～頭：將新鞋撐大的木製模型]扇=揎[扔、丟：不要箇東西～出去]
ʑyẽ	2	懸蟬玄眩炫弦舷椽-[房檁上架瓦的木條]旋=
ʑyẽ	6	杏擅=嬗善=膳=鱔=繕=
yẽ	1	冤鴛箢[～箕：用以挑土、糞等的竹製器具]淵
yẽ	2	沿元阮園沅員圓原源螈袁猿轅緣垣爰援湲完-丸-鉛-[～筆]椽=[房檁上架瓦的木條]
yẽ	3	遠
yẽ	5	怨[(又)]
yẽ	6	願院苑怨[(又)]
m̩	3	姆[～媽：媽媽]呣
ŋ̍	1	嗯[(1)表驚奇]
ŋ̍	2	嗯[(2)表潑應諾]
ŋ̍	3	姆[～媽：媽媽]
ŋ̍	5	齆[鼻孔堵塞而發音不清：～鼻筒]嗯[(3)表疑問]
ŋ̍	6	嗯[(4)表否定]
